# Blender v2.90.0 OBJ File: ''
# www.blender.org
mtllib falltree.mtl
o Icosphere.000_Mesh
v 1.702060 4.908164 0.203421
v 1.359580 4.579331 0.336852
v 2.083129 4.469130 1.060308
v 2.942786 3.346539 0.070807
v 1.071041 4.646696 -0.543936
v 1.456122 4.666827 -0.652881
v 2.268993 4.760588 -0.240083
v 2.276422 4.812564 0.188401
v 1.310254 4.041610 0.261180
v 1.256353 4.349567 -0.405040
v 0.451585 3.978733 2.688232
v 1.121990 5.001435 0.938240
v 2.761165 4.172923 0.563440
v 2.517756 4.258959 0.108572
v 2.310692 4.442973 -0.158826
v 2.220898 4.150086 -0.174994
v 2.164867 4.768823 0.426402
v 1.381295 3.777785 0.847308
v 2.458628 3.027416 0.389486
v 1.959055 3.615085 0.364473
v 0.293214 4.928109 1.390741
v 0.481284 5.112653 1.388724
v -0.472199 5.196990 1.599257
v 0.028952 5.683789 1.733545
v -0.421327 5.504882 1.636802
v -0.901189 4.890166 0.934608
v -1.557966 5.118389 1.449957
v -0.926011 4.549333 0.073745
v -0.259843 4.919332 1.488841
v -0.693045 5.672164 0.333710
v -0.393510 5.807084 0.504301
v -0.389880 4.884181 1.243965
v -0.602094 5.424389 1.208807
v 0.278798 4.856784 0.838862
v -0.563399 5.076216 0.950502
v -0.150360 5.313719 1.798152
v -0.132685 5.886482 1.373878
v 0.221300 5.523818 1.726824
v 0.184966 5.935295 1.106481
v -0.211753 5.790717 0.664036
v 0.401467 5.709044 0.885211
v 0.646651 5.535082 0.693514
v 1.469861 4.606479 0.750523
v 2.343304 3.665271 1.229043
v 2.337359 4.126287 1.328742
v 1.498457 4.751777 1.200165
v 1.313336 3.612959 1.912682
v 2.564693 3.719098 1.745644
v 2.488353 3.385219 1.596024
v 2.069235 3.184823 2.086865
v 2.517128 3.948274 1.054735
v 2.116605 3.126437 0.499935
v 3.256263 3.827200 0.628572
v 3.125344 3.694546 0.091498
v 2.381540 4.457505 0.596993
v 2.272657 3.459983 0.695071
v 2.550733 3.550465 0.840862
v 2.360423 3.328323 1.943790
v 1.645299 3.192533 2.117666
v 3.020851 3.146567 0.800257
v 3.144898 3.427855 0.932702
v 3.280666 3.548132 0.312734
v 2.808205 3.883098 0.772277
v 2.659946 3.864925 0.026096
v 3.215872 3.920102 0.335290
v 2.611673 3.234873 0.794062
v 2.798231 3.260513 1.176615
v 1.020723 4.236268 2.036823
v 0.860236 4.838243 0.816094
v 1.115676 4.101286 0.567136
v 1.513329 3.528724 1.280466
v 0.465486 4.847986 2.080284
v 1.029170 4.599217 1.372101
v 1.417761 3.864172 1.945945
v 1.936375 3.431759 1.275695
v 2.029186 3.396026 2.261863
v 0.915526 3.464365 1.300838
v 0.545519 3.769982 1.281127
v 0.840507 4.145198 1.012411
v 0.903342 4.843819 1.135173
v -0.196340 4.759723 1.637751
v -0.271523 4.513408 1.402245
v 0.772612 4.626294 1.365501
v 0.029928 4.348797 2.417422
v 0.764483 4.548817 2.088544
v 0.432240 4.047367 0.969740
v 2.102097 4.213852 1.698678
v 1.772795 3.554994 2.255110
v 2.267976 3.657293 2.047329
v 1.663512 3.135323 1.600291
v 2.798075 3.243693 0.354418
v 2.155682 3.133398 0.280853
v -1.492803 4.573947 2.374997
v -0.468437 4.543775 1.607100
v -2.133326 4.053024 2.272648
v -2.185957 3.780321 2.084946
v -1.776818 4.364285 2.662904
v -1.472370 4.756313 2.189570
v -1.919242 4.155502 2.712110
v -0.949114 3.895675 2.533220
v -1.417758 3.824224 2.717158
v 0.633002 3.423497 2.192085
v 0.238696 3.539915 2.238682
v 1.186383 3.456966 1.569916
v -0.074200 4.122425 2.345125
v 0.931795 3.621333 1.957961
v 1.324634 4.262553 1.912163
v 1.330611 3.354003 1.664152
v 2.000314 3.621234 0.576753
v 1.949282 3.810005 0.033865
v 0.551765 3.477445 1.791736
v 0.649323 4.290536 2.204440
v 0.477606 4.472240 2.190159
v 0.146038 4.390916 2.070348
v -0.021970 4.219210 2.083661
v 0.313438 4.322132 2.545928
v 0.015232 3.906566 2.226363
v 0.859803 3.608039 2.780321
v 0.536470 3.669799 2.964321
v 0.174923 3.870070 2.695228
v 0.860385 3.641502 2.253716
v 0.147435 3.463752 2.823062
v 0.744901 3.981446 2.315759
v 0.485029 3.352578 2.915200
v 0.747210 3.339887 2.677170
v 0.266320 3.236266 2.574905
v -0.281763 4.207695 1.573678
v 0.105671 3.965807 1.781146
v 0.111129 4.757702 1.930684
v 0.221115 4.545130 1.197516
v 0.019618 4.018757 1.377596
v 0.923664 3.868915 1.051229
v 0.118530 4.827306 1.741548
v 0.038515 4.201781 1.262572
v 2.523352 3.240153 0.181367
v 1.647038 3.963846 -0.278180
v 2.261424 3.556438 0.143796
v 1.663833 3.678363 0.698400
v 1.431317 3.684557 0.457134
v 1.127994 3.727623 0.572714
v 0.962317 4.039652 0.688236
v 1.347347 4.197484 0.057339
v 0.487643 4.498684 1.203211
v 1.113340 3.808707 0.940220
v -1.204564 4.395992 2.299289
v -0.628927 4.161236 2.622045
v -1.196898 3.738663 2.573601
v -0.537447 4.460721 1.961603
v -1.059358 4.596515 0.927682
v -2.004805 4.505988 1.819404
v -1.161207 3.753720 1.762258
v -0.611606 4.499077 2.377826
v -1.656982 3.828351 0.648222
v -1.571360 3.741080 -0.002250
v -1.822451 3.763157 1.234859
v -1.031801 3.880270 1.968765
v -0.831563 4.213836 1.211509
v -1.222973 4.115584 2.750580
v -0.865742 4.320292 2.592271
v -1.475818 3.653193 0.541640
v -1.760098 4.174046 -0.325789
v -1.365083 4.150805 0.838154
v -1.364410 3.721102 0.341236
v -1.504953 3.791986 0.948823
v -1.817335 3.784240 -0.490646
v -1.593762 3.606734 -0.273696
v -0.793077 4.626983 2.226821
v -0.649747 4.613193 1.321956
v -0.732115 4.232198 1.793797
v -0.870376 3.691504 1.639094
v -0.942493 4.552626 1.131877
v -0.438456 4.225976 2.166253
v -0.937231 3.594364 1.411044
v -1.085485 3.523778 1.535828
v -1.735688 4.776124 1.889685
v -1.063150 4.985742 1.758345
v -1.139005 4.839438 2.057259
v -0.636401 4.845207 1.795179
v 2.048126 4.591105 1.494863
v 1.000413 4.479281 1.698837
v 0.738867 4.854588 1.951747
v 1.224766 4.832082 1.321965
v 1.597924 4.564923 1.801370
v 1.894754 4.680470 1.245134
v 1.356188 4.738887 1.644902
v 1.190238 5.910904 -0.264289
v 0.701318 6.058759 -0.190731
v 0.954074 6.058761 -0.336100
v 0.934165 5.714525 -0.544311
v -0.031980 6.199185 0.001486
v -0.585180 5.877547 0.001472
v 0.083517 6.186841 -0.326675
v 0.346634 5.796497 -0.179208
v -0.082788 6.100286 -0.499504
v 0.463014 5.723946 -0.529308
v 0.898458 5.272917 -1.322665
v 0.213860 5.130170 -1.481555
v 0.600879 4.686008 -2.143468
v 0.623442 5.230400 -1.659647
v 1.308160 4.746470 -1.109963
v 1.345731 4.668971 -1.636541
v 1.840708 3.859944 -0.752303
v 1.123760 3.916745 -0.760383
v -0.121180 4.774276 -2.065498
v -0.176753 5.245859 -2.150298
v -0.266689 5.396194 -1.217622
v -0.646562 5.366556 -2.037270
v -0.720167 5.310255 -1.377139
v -0.917637 4.979302 -2.014098
v 0.099100 5.275596 -1.453512
v -2.842783 3.053061 0.059957
v -2.991201 3.417464 -0.415611
v -2.337492 3.552768 -0.713020
v -2.489814 3.938383 -0.540139
v -2.636344 3.328395 -0.669689
v -0.596421 4.536563 -0.783741
v -2.218378 4.318715 -0.544282
v -2.535906 3.111700 0.253667
v -3.069738 3.399742 -0.024508
v -1.712156 3.043302 -2.298475
v -1.275275 3.022063 -1.725629
v -1.746263 3.223000 -2.382713
v -1.828690 3.269649 -2.004346
v -1.213478 2.875699 -2.413208
v -1.059672 2.880476 -2.158828
v -1.631311 3.122512 -1.750684
v -1.787132 3.545191 -1.980853
v 0.469389 4.945620 1.720354
v -0.417994 4.327529 1.816508
v -0.657592 4.808897 1.445255
v 1.721260 4.669840 0.645739
v 0.758294 4.424192 1.096810
v -0.305232 4.591477 1.975490
v 1.971793 4.067408 -0.483691
v 0.644527 5.092690 -0.780422
v 0.539205 4.803916 -0.455704
v 2.198472 3.611467 0.901385
v -0.571789 3.931823 2.392022
v 0.411078 5.808645 1.346362
v -2.029530 4.329681 2.342314
v -1.150807 4.670769 1.336153
v -1.423672 4.940106 1.773371
v -0.363944 4.782301 0.215556
v 1.760387 3.072382 1.886317
v 1.656730 3.871196 -1.346980
v 1.717387 4.027785 -0.672221
v -0.866647 3.271888 -2.178770
v -1.492067 3.796009 1.499920
v 0.602448 6.042524 0.119489
v 1.861039 4.570403 -0.645209
v 0.254367 4.802089 -0.014167
v 1.912229 3.831067 -1.731405
v 0.813021 4.387528 -2.524397
v 0.176162 4.166235 -2.474389
v 1.553469 4.595759 -0.620124
v 1.008564 4.489869 -0.884723
v -0.105583 4.351041 -0.206766
v 1.192212 4.485643 0.134436
v 1.262436 4.484294 0.587024
v 1.824984 4.922702 -0.282494
v -2.719935 3.993674 0.075971
v -1.191472 5.167754 0.670449
v -0.745886 5.198574 0.271267
v -1.168982 5.379865 -0.476020
v -1.914500 3.640241 0.606696
v -2.001046 4.861795 -0.271951
v -1.207678 4.510953 -0.443249
v -2.272165 4.685028 0.525015
v -1.762756 5.267495 -0.101344
v -0.560282 5.270301 0.727743
v 0.292395 5.720026 0.203652
v -0.324302 4.958901 0.653543
v -0.174878 5.857810 0.267046
v -0.350601 6.097818 -0.314868
v -0.238909 5.923419 0.984429
v 0.492175 4.922773 0.587270
v -0.376787 4.183329 -0.064415
v -1.607217 3.345086 0.463750
v -1.558049 4.179845 0.150629
v 0.659064 4.043518 -2.405226
v -1.196917 4.469407 0.399547
v -1.561254 4.884010 1.459191
v -1.292251 5.345165 1.106547
v -1.963552 4.866121 0.303640
v -1.652322 5.156819 1.301448
v -1.047295 4.970082 0.573019
v -1.967317 3.661138 0.853025
v -0.726633 3.931635 1.468063
v -1.554517 3.708039 1.208860
v -2.239494 3.170906 -0.458314
v -2.824177 3.257650 0.269006
v -2.509049 4.391607 0.305610
v -1.662729 4.258022 -0.352673
v -2.539463 4.321248 -0.434965
v -2.954608 3.171165 -0.298552
v -2.003884 3.365318 0.037938
v -2.106252 3.926113 -0.723642
v -2.806586 3.602713 0.209298
v -2.244642 3.110356 -0.013153
v -2.696468 4.149526 -0.238742
v -2.559109 2.981626 -0.220989
v -2.530535 4.066554 0.302423
v -1.624930 3.459157 0.169386
v -2.061504 3.389102 -0.260384
v -2.829613 4.144186 1.203186
v -2.293752 3.432644 1.156463
v -2.637042 4.243444 1.428630
v -1.480179 3.679725 2.103744
v -2.779086 3.859159 0.885647
v -2.430176 4.398306 0.823650
v -2.801082 3.841912 1.156600
v -2.559502 3.532182 1.170521
v -2.433779 4.030170 0.667076
v -2.313341 3.826171 0.568880
v 1.998357 4.054832 -1.900705
v -2.310917 3.507587 1.670020
v -2.632116 3.719666 1.592054
v -2.479545 3.932199 1.988606
v 1.365404 3.408239 -2.291570
v -2.282405 4.439204 1.388734
v -1.542239 4.767324 1.541832
v -1.532235 4.081376 0.464475
v -0.934064 3.818027 -1.479059
v -1.604381 3.533031 -1.738617
v -1.528117 4.050003 -1.543722
v 1.076941 3.615320 -2.421511
v -0.928508 4.248928 0.967575
v -1.193103 5.111810 1.366160
v -1.529617 4.161773 0.704176
v -0.922535 4.472428 0.430652
v -1.564265 5.371120 0.049057
v -1.912687 4.539180 1.373337
v -2.208731 4.686195 1.044613
v -1.488490 5.132909 0.466967
v 1.559008 3.533062 -1.789540
v -1.147762 5.245753 0.360853
v 0.379894 3.666757 -2.048852
v -1.965832 3.599153 1.707702
v 1.241277 3.845287 -1.695568
v -1.858350 3.880443 2.476728
v 1.323359 3.544795 -1.852971
v -2.344088 4.243699 1.844525
v -1.874078 3.601245 1.978474
v 2.032534 4.399662 -0.897521
v 2.096274 4.497330 -1.600375
v 1.575609 4.861639 -1.151961
v 2.041415 3.933308 -1.091553
v 0.485564 3.691269 -1.905803
v 0.575138 3.888975 -1.192113
v 1.716833 4.786116 -1.567317
v 1.039493 3.697799 -2.056044
v 0.849780 4.037639 -0.938497
v -0.784589 3.449423 -1.891696
v -1.415936 2.890901 -1.900357
v -0.496225 3.940134 -0.434039
v -1.306896 3.227063 -2.672980
v -0.691456 4.114487 -0.154240
v 1.874147 4.863020 0.483513
v 0.901511 4.782115 0.291002
v 1.310395 5.220160 0.156675
v 1.314692 5.393097 -0.068805
v 1.165147 5.021443 0.321008
v 1.753023 4.846421 -0.482969
v 0.994246 4.891348 -0.745281
v 1.555290 3.753793 -0.734902
v 0.968003 4.626699 -0.302998
v 1.799295 4.789048 -1.283707
v 0.664899 4.839118 -0.375378
v 2.151206 4.070443 -1.558765
v -0.774278 5.319553 -0.007594
v 1.591981 3.886728 -2.409159
v 0.726406 5.371069 0.962772
v 1.831573 3.677395 -2.096565
v -1.740002 3.706453 -2.133731
v 0.786514 5.914834 0.340180
v -2.168031 4.575569 -0.215297
v -1.049150 3.552897 -1.637749
v -0.588827 3.750406 -2.461100
v -1.650429 5.122160 0.788313
v -0.862775 4.511188 -0.320128
v -1.820147 4.479599 -0.486247
v -1.488518 4.797604 -0.963168
v -1.671207 4.884324 -0.816724
v -1.236818 4.452994 0.651915
v -1.464898 4.088033 -2.525188
v -1.088306 4.093275 -2.961802
v -0.672950 4.256886 -2.961849
v -0.300446 4.104240 -2.781326
v -0.211711 4.500179 -2.330423
v 0.172253 3.744827 -1.881964
v 0.780678 4.695221 0.023724
v 2.211374 4.292293 -0.451836
v 1.432487 5.219678 -0.387830
v 1.682220 4.486063 -2.413595
v -1.558480 5.216665 -0.711332
v -0.856275 5.132841 -0.918117
v -1.477487 4.544107 -0.790264
v -0.016469 4.805701 0.140616
v -0.669597 5.426551 -0.389367
v -1.803644 4.144744 -1.474975
v -1.927791 4.336773 -1.516922
v -2.047160 4.252337 -1.850911
v -2.039315 3.885381 -2.024171
v 1.424247 4.483308 -2.720556
v 0.441705 4.307251 -2.434376
v 0.953483 3.880853 -1.692003
v 0.680986 4.142784 -0.921700
v 1.443292 3.524183 -2.577824
v 1.911511 4.306122 -2.199848
v 1.065914 4.800293 -2.323092
v 0.682976 4.928448 -1.855297
v 1.185692 4.723849 -1.496400
v -1.262998 3.731963 -2.605757
v -0.411625 4.130563 -1.973417
v -0.227014 4.422143 -0.792904
v 0.963729 4.709034 -1.035364
v -0.039773 5.484350 -1.899026
v 1.034726 4.879788 -1.746915
v 1.008733 5.134417 -1.161415
v -0.471855 5.669098 -1.590084
v -0.912915 4.915871 -1.343645
v 1.244237 4.292675 -2.808343
v 0.486817 4.693043 -0.252385
v -0.070992 4.078055 -1.828179
v -0.419770 4.900386 -2.141947
v 1.931003 3.839891 -1.242070
v 2.135717 4.388040 -1.273435
v 0.129569 4.297391 -1.142097
v -0.198943 4.358531 -1.077000
v -1.387473 4.586937 -1.803224
v -0.228517 4.214021 -2.205194
v 1.341782 4.069327 -0.569929
v 0.992259 5.219566 -1.590198
v -0.592298 4.296771 -1.423519
v 0.334641 4.876143 -1.764918
v 1.828941 4.497761 -1.828848
v -0.999069 4.827610 -2.323342
v 1.529262 4.215859 -2.709227
v 1.107733 4.063676 -2.791089
v -1.350216 4.382123 -2.397392
v -1.196771 4.375268 -1.563537
v 0.229423 4.094568 -1.456051
v -0.561213 5.365605 -1.071396
v 1.356566 4.706595 -2.123121
v -1.756507 4.191361 -2.161967
v -0.913186 4.164222 -1.527807
v 0.134981 4.942241 -1.796528
v 0.576989 4.463439 -0.807432
v 0.882764 3.907670 -1.462296
v -0.536073 3.788835 -1.998399
v -0.912203 3.717752 -2.576040
v 0.487675 4.541071 -0.547619
v 1.070282 4.264796 -0.674238
v -1.111300 4.934429 -1.811388
v -1.045823 4.865000 -0.992218
v -0.786095 5.381083 -0.770273
v 1.133968 3.853968 -1.376107
v -0.883589 4.634980 -0.964283
v -0.607398 4.796222 -2.546246
v -1.758996 3.563089 -1.712350
v 0.080497 4.366507 -0.433046
v -0.755744 3.979853 -2.968757
v 0.484793 4.062341 -1.677737
v 0.812659 3.789156 -2.223797
v 0.044555 3.751004 -2.140582
v -0.900219 3.330538 -2.503729
v -0.655398 3.377912 -2.187656
v -2.040203 3.880844 -1.724948
v -0.923105 4.562752 -1.351494
v -2.249238 3.494672 0.279400
v -0.826399 4.729738 0.486463
v 0.431618 5.264890 -1.062665
v 1.091552 5.498981 -0.624970
v 1.261798 4.981306 -0.769693
v -0.860191 5.378975 -1.784593
v 0.877701 5.486372 0.470484
v 0.257935 5.811645 0.032089
v 0.801390 5.164053 0.647118
v 0.491213 5.762473 0.415585
v 0.787309 5.434820 -0.839591
v 0.682449 5.764753 -0.512008
v -0.102547 5.579606 -1.061828
v -0.623008 4.648706 0.215172
v 0.016959 5.871724 -0.637904
v -0.427406 5.615186 0.780574
v 1.104833 5.939452 0.098064
v -0.339980 5.754208 -0.599975
v -0.714388 5.337295 0.296363
v 0.308008 0.110860 -0.223778
v 0.308008 0.110861 0.223778
v -0.117646 0.110861 0.362084
v -0.380721 0.110861 -0.000000
v -0.117646 0.110860 -0.362084
v -0.427579 -0.205415 0.068034
v 0.051201 0.292037 0.242628
v -0.216155 0.305064 0.124391
v -0.186132 0.311125 -0.166624
v 0.099780 0.301844 -0.228247
v 0.246464 0.290047 0.024685
v -0.238707 -0.337239 -0.631219
v -0.270409 -0.398723 -0.554726
v -0.184369 -0.394531 -0.592776
v -0.476519 -0.155840 0.026127
v 0.051201 -0.067165 -0.242628
v -0.216155 -0.080192 -0.124391
v -0.186132 -0.086253 0.166624
v 0.099780 -0.076973 0.228247
v 0.246464 -0.065175 -0.024685
v 0.004840 -0.176916 -0.003167
v -0.435129 -0.203890 -0.005158
v -0.363720 -0.132460 0.462065
v -0.281739 -0.203283 0.411602
v -0.389543 -0.206782 0.388366
v 0.600800 -0.085556 0.391207
v 0.660799 -0.061986 0.342470
v 0.643066 -0.148840 0.354901
v 0.375428 -0.240434 -0.247644
v 0.399368 -0.171958 -0.325088
v 0.299474 -0.241208 -0.332420
v -0.325948 -0.489821 -0.010165
v -0.318721 -0.491280 0.059889
v -0.272750 -0.513105 0.019016
v 0.318050 2.630188 0.083791
v 0.140319 2.631999 0.282166
v -0.103032 2.643856 0.174545
v -0.075705 2.649373 -0.090342
v 0.184536 2.640926 -0.146432
v 0.098120 2.862309 0.064204
v 1.427499 2.986655 1.061201
v 1.295118 2.988004 1.208959
v 1.263686 3.159548 1.046612
v -0.309154 3.874089 -1.465582
v -0.093521 3.867090 -1.512058
v -0.165124 4.050526 -1.337527
v -0.467813 3.215475 1.455170
v -0.711165 3.227332 1.347548
v -0.510012 3.370325 1.237208
v 0.660827 4.461054 -0.375494
v 0.783198 4.451212 -0.164485
v 0.581623 4.663961 -0.182437
v -0.859477 3.932321 2.262592
v -0.981758 3.938279 2.208513
v -0.880682 4.048048 2.153069
v -0.621087 4.821646 -1.829479
v -0.495367 4.817565 -1.856576
v -0.537113 4.924513 -1.754819
v 1.098450 4.870326 -0.570695
v 1.186300 4.863261 -0.419211
v 1.041590 5.015992 -0.432099
v -0.622344 3.184544 1.184093
v -0.452265 3.357354 1.125577
v -0.359751 3.125203 1.246733
v 0.355183 3.820187 -0.066926
v 0.437764 3.608628 -0.268217
v 0.565354 3.598366 -0.048209
v 0.411291 4.029260 -0.095548
v 0.619332 3.809687 -0.077020
v 0.493035 3.819845 -0.294798
v 0.154201 4.105401 1.366447
v 0.172560 4.005201 1.461275
v 0.201215 4.066127 1.275764
v 0.219574 3.965927 1.370592
v 1.702900 4.196084 -0.298947
v 1.674469 4.087434 -0.285274
v 1.740101 4.082156 -0.172103
v 1.767867 4.190858 -0.186923
v 1.832081 3.721194 1.362976
v 1.740839 3.722123 1.464816
v 1.719175 3.840358 1.352920
v -1.821171 4.036952 1.077618
v -1.910934 3.939470 1.126856
v -1.862712 3.899187 1.033843
v -1.772949 3.996669 0.984604
v 0.254367 4.802089 -0.014167
v 0.254367 4.802089 -0.014167
v 0.254367 4.802089 -0.014167
v 0.254367 4.802089 -0.014167
v 0.254367 4.802089 -0.014167
v 0.901511 4.782115 0.291002
v 0.901511 4.782115 0.291002
v 0.901511 4.782115 0.291002
v 0.901511 4.782115 0.291002
v 0.901511 4.782115 0.291002
v 0.901511 4.782115 0.291002
v 0.901511 4.782115 0.291002
v -0.259843 4.919332 1.488841
v -0.259843 4.919332 1.488841
v -0.259843 4.919332 1.488841
v -0.389880 4.884181 1.243965
v -0.389880 4.884181 1.243965
v -0.389880 4.884181 1.243965
v -0.389880 4.884181 1.243965
v -0.389880 4.884181 1.243965
v -0.389880 4.884181 1.243965
v -1.045823 4.865000 -0.992218
v -1.045823 4.865000 -0.992218
v -1.045823 4.865000 -0.992218
v -1.045823 4.865000 -0.992218
v -1.045823 4.865000 -0.992218
v -1.558480 5.216665 -0.711332
v -1.558480 5.216665 -0.711332
v -1.558480 5.216665 -0.711332
v -1.558480 5.216665 -0.711332
v -1.558480 5.216665 -0.711332
v -1.558480 5.216665 -0.711332
v -1.558480 5.216665 -0.711332
v -0.228517 4.214021 -2.205194
v -0.228517 4.214021 -2.205194
v -0.228517 4.214021 -2.205194
v -0.228517 4.214021 -2.205194
v -0.228517 4.214021 -2.205194
v -0.228517 4.214021 -2.205194
v -0.211711 4.500179 -2.330423
v -0.211711 4.500179 -2.330423
v -0.211711 4.500179 -2.330423
v -0.211711 4.500179 -2.330423
v -0.211711 4.500179 -2.330423
v -0.211711 4.500179 -2.330423
v -0.211711 4.500179 -2.330423
v -0.211711 4.500179 -2.330423
v 0.486817 4.693043 -0.252385
v 0.486817 4.693043 -0.252385
v 0.486817 4.693043 -0.252385
v 0.486817 4.693043 -0.252385
v 0.486817 4.693043 -0.252385
v 0.080497 4.366507 -0.433046
v 0.080497 4.366507 -0.433046
v 0.080497 4.366507 -0.433046
v 0.080497 4.366507 -0.433046
v 0.080497 4.366507 -0.433046
v 1.008733 5.134417 -1.161415
v 1.008733 5.134417 -1.161415
v 1.008733 5.134417 -1.161415
v 1.008733 5.134417 -1.161415
v 0.992259 5.219566 -1.590198
v 0.992259 5.219566 -1.590198
v 0.992259 5.219566 -1.590198
v 0.992259 5.219566 -1.590198
v 0.992259 5.219566 -1.590198
v 1.341782 4.069327 -0.569929
v 1.341782 4.069327 -0.569929
v 1.341782 4.069327 -0.569929
v 1.341782 4.069327 -0.569929
v 1.070282 4.264796 -0.674238
v 1.070282 4.264796 -0.674238
v 1.070282 4.264796 -0.674238
v 1.070282 4.264796 -0.674238
v 1.070282 4.264796 -0.674238
v 1.070282 4.264796 -0.674238
v 2.276422 4.812564 0.188401
v 2.276422 4.812564 0.188401
v 2.276422 4.812564 0.188401
v 2.276422 4.812564 0.188401
v 2.276422 4.812564 0.188401
v 2.276422 4.812564 0.188401
v 2.381540 4.457505 0.596993
v 2.381540 4.457505 0.596993
v 2.381540 4.457505 0.596993
v 2.381540 4.457505 0.596993
v 2.381540 4.457505 0.596993
v 0.176162 4.166235 -2.474389
v 0.176162 4.166235 -2.474389
v 0.176162 4.166235 -2.474389
v 0.176162 4.166235 -2.474389
v 0.176162 4.166235 -2.474389
v -0.923105 4.562752 -1.351494
v -0.923105 4.562752 -1.351494
v -0.923105 4.562752 -1.351494
v -0.923105 4.562752 -1.351494
v -0.923105 4.562752 -1.351494
v -0.923105 4.562752 -1.351494
v -0.923105 4.562752 -1.351494
v -1.196771 4.375268 -1.563537
v -1.196771 4.375268 -1.563537
v -1.196771 4.375268 -1.563537
v -1.196771 4.375268 -1.563537
v -1.196771 4.375268 -1.563537
v -1.196771 4.375268 -1.563537
v -0.070992 4.078055 -1.828179
v -0.070992 4.078055 -1.828179
v -0.070992 4.078055 -1.828179
v -0.070992 4.078055 -1.828179
v -0.070992 4.078055 -1.828179
v -0.070992 4.078055 -1.828179
v -0.592298 4.296771 -1.423519
v -0.592298 4.296771 -1.423519
v -0.592298 4.296771 -1.423519
v -0.592298 4.296771 -1.423519
v -0.592298 4.296771 -1.423519
v -0.592298 4.296771 -1.423519
v 1.432487 5.219678 -0.387830
v 1.432487 5.219678 -0.387830
v 1.432487 5.219678 -0.387830
v 1.091552 5.498981 -0.624970
v 1.091552 5.498981 -0.624970
v 1.091552 5.498981 -0.624970
v 1.091552 5.498981 -0.624970
v 1.091552 5.498981 -0.624970
v -0.016469 4.805701 0.140616
v -0.016469 4.805701 0.140616
v -0.016469 4.805701 0.140616
v -0.016469 4.805701 0.140616
v -0.016469 4.805701 0.140616
v -0.016469 4.805701 0.140616
v -0.016469 4.805701 0.140616
v 0.492175 4.922773 0.587270
v 0.492175 4.922773 0.587270
v 0.492175 4.922773 0.587270
v 0.492175 4.922773 0.587270
v -0.607398 4.796222 -2.546246
v -0.607398 4.796222 -2.546246
v -0.607398 4.796222 -2.546246
v -0.607398 4.796222 -2.546246
v -0.607398 4.796222 -2.546246
v -0.300446 4.104240 -2.781326
v -0.300446 4.104240 -2.781326
v -0.300446 4.104240 -2.781326
v -0.300446 4.104240 -2.781326
v -0.300446 4.104240 -2.781326
v -0.300446 4.104240 -2.781326
v -0.324302 4.958901 0.653543
v -0.324302 4.958901 0.653543
v -0.324302 4.958901 0.653543
v -0.324302 4.958901 0.653543
v -0.324302 4.958901 0.653543
v -0.324302 4.958901 0.653543
v -0.324302 4.958901 0.653543
v -0.363944 4.782301 0.215556
v -0.363944 4.782301 0.215556
v -0.363944 4.782301 0.215556
v 1.310395 5.220160 0.156675
v 1.310395 5.220160 0.156675
v 1.310395 5.220160 0.156675
v 0.877701 5.486372 0.470484
v 0.877701 5.486372 0.470484
v 0.877701 5.486372 0.470484
v 0.877701 5.486372 0.470484
v 0.877701 5.486372 0.470484
v 0.877701 5.486372 0.470484
v 0.877701 5.486372 0.470484
v 0.877701 5.486372 0.470484
v -0.561213 5.365605 -1.071396
v -0.561213 5.365605 -1.071396
v -0.561213 5.365605 -1.071396
v -0.561213 5.365605 -1.071396
v -0.561213 5.365605 -1.071396
v -0.339980 5.754208 -0.599975
v -0.339980 5.754208 -0.599975
v -0.339980 5.754208 -0.599975
v -0.339980 5.754208 -0.599975
v -0.339980 5.754208 -0.599975
v -0.339980 5.754208 -0.599975
v -0.339980 5.754208 -0.599975
v -0.339980 5.754208 -0.599975
v -0.720167 5.310255 -1.377139
v -0.720167 5.310255 -1.377139
v -0.720167 5.310255 -1.377139
v -0.720167 5.310255 -1.377139
v -0.720167 5.310255 -1.377139
v -0.266689 5.396194 -1.217622
v -0.266689 5.396194 -1.217622
v -0.266689 5.396194 -1.217622
v -0.266689 5.396194 -1.217622
v -0.266689 5.396194 -1.217622
v -0.588827 3.750406 -2.461100
v -0.588827 3.750406 -2.461100
v -0.588827 3.750406 -2.461100
v -0.588827 3.750406 -2.461100
v -0.588827 3.750406 -2.461100
v -0.588827 3.750406 -2.461100
v -0.102547 5.579606 -1.061828
v -0.102547 5.579606 -1.061828
v -0.102547 5.579606 -1.061828
v -0.102547 5.579606 -1.061828
v -0.102547 5.579606 -1.061828
v -0.102547 5.579606 -1.061828
v -0.102547 5.579606 -1.061828
v -0.102547 5.579606 -1.061828
v -0.784589 3.449423 -1.891696
v -0.784589 3.449423 -1.891696
v -0.784589 3.449423 -1.891696
v -0.784589 3.449423 -1.891696
v -0.784589 3.449423 -1.891696
v -0.784589 3.449423 -1.891696
v -0.934064 3.818027 -1.479059
v -0.934064 3.818027 -1.479059
v -0.934064 3.818027 -1.479059
v -0.934064 3.818027 -1.479059
v -0.934064 3.818027 -1.479059
v -0.082788 6.100286 -0.499504
v -0.082788 6.100286 -0.499504
v -0.082788 6.100286 -0.499504
v 0.083517 6.186841 -0.326675
v 0.083517 6.186841 -0.326675
v 0.083517 6.186841 -0.326675
v 0.083517 6.186841 -0.326675
v 0.129569 4.297391 -1.142097
v 0.129569 4.297391 -1.142097
v 0.129569 4.297391 -1.142097
v 0.129569 4.297391 -1.142097
v 0.129569 4.297391 -1.142097
v 0.129569 4.297391 -1.142097
v 1.575609 4.861639 -1.151961
v 1.575609 4.861639 -1.151961
v 1.575609 4.861639 -1.151961
v 1.575609 4.861639 -1.151961
v 1.575609 4.861639 -1.151961
v 1.716833 4.786116 -1.567317
v 1.716833 4.786116 -1.567317
v 1.716833 4.786116 -1.567317
v 1.716833 4.786116 -1.567317
v -1.387473 4.586937 -1.803224
v -1.387473 4.586937 -1.803224
v -1.387473 4.586937 -1.803224
v -1.387473 4.586937 -1.803224
v -1.387473 4.586937 -1.803224
v -1.387473 4.586937 -1.803224
v -1.387473 4.586937 -1.803224
v -1.350216 4.382123 -2.397392
v -1.350216 4.382123 -2.397392
v -1.350216 4.382123 -2.397392
v -1.350216 4.382123 -2.397392
v -1.350216 4.382123 -2.397392
v -1.927791 4.336773 -1.516922
v -1.927791 4.336773 -1.516922
v -1.927791 4.336773 -1.516922
v -1.927791 4.336773 -1.516922
v -0.691456 4.114487 -0.154240
v -0.691456 4.114487 -0.154240
v -0.691456 4.114487 -0.154240
v -0.691456 4.114487 -0.154240
v -0.691456 4.114487 -0.154240
v -0.376787 4.183329 -0.064415
v -0.376787 4.183329 -0.064415
v -0.376787 4.183329 -0.064415
v -0.376787 4.183329 -0.064415
v -0.786095 5.381083 -0.770273
v -0.786095 5.381083 -0.770273
v -0.786095 5.381083 -0.770273
v -0.786095 5.381083 -0.770273
v -0.913186 4.164222 -1.527807
v -0.913186 4.164222 -1.527807
v -0.913186 4.164222 -1.527807
v -0.913186 4.164222 -1.527807
v -0.913186 4.164222 -1.527807
v -0.913186 4.164222 -1.527807
v -0.912915 4.915871 -1.343645
v -0.912915 4.915871 -1.343645
v -0.912915 4.915871 -1.343645
v -0.912915 4.915871 -1.343645
v -0.912915 4.915871 -1.343645
v -0.912915 4.915871 -1.343645
v -0.999069 4.827610 -2.323342
v -0.999069 4.827610 -2.323342
v -0.999069 4.827610 -2.323342
v -0.999069 4.827610 -2.323342
v -0.999069 4.827610 -2.323342
v 1.874147 4.863020 0.483513
v 1.874147 4.863020 0.483513
v 2.164867 4.768823 0.426402
v 2.164867 4.768823 0.426402
v 2.164867 4.768823 0.426402
v 2.164867 4.768823 0.426402
v 2.164867 4.768823 0.426402
v -0.227014 4.422143 -0.792904
v -0.227014 4.422143 -0.792904
v -0.227014 4.422143 -0.792904
v -0.227014 4.422143 -0.792904
v -0.227014 4.422143 -0.792904
v -0.227014 4.422143 -0.792904
v -0.198943 4.358531 -1.077000
v -0.198943 4.358531 -1.077000
v -0.198943 4.358531 -1.077000
v -0.198943 4.358531 -1.077000
v -0.198943 4.358531 -1.077000
v 1.345731 4.668971 -1.636541
v 1.345731 4.668971 -1.636541
v 1.345731 4.668971 -1.636541
v 1.345731 4.668971 -1.636541
v 1.345731 4.668971 -1.636541
v 1.345731 4.668971 -1.636541
v 1.185692 4.723849 -1.496400
v 1.185692 4.723849 -1.496400
v 1.185692 4.723849 -1.496400
v 1.185692 4.723849 -1.496400
v 1.185692 4.723849 -1.496400
v 0.134981 4.942241 -1.796528
v 0.134981 4.942241 -1.796528
v 0.134981 4.942241 -1.796528
v 0.134981 4.942241 -1.796528
v 0.134981 4.942241 -1.796528
v 0.134981 4.942241 -1.796528
v 0.134981 4.942241 -1.796528
v 0.213860 5.130170 -1.481555
v 0.213860 5.130170 -1.481555
v 0.213860 5.130170 -1.481555
v 0.213860 5.130170 -1.481555
v 0.213860 5.130170 -1.481555
v 0.623442 5.230400 -1.659647
v 0.623442 5.230400 -1.659647
v 0.623442 5.230400 -1.659647
v 0.623442 5.230400 -1.659647
v 0.623442 5.230400 -1.659647
v 0.682976 4.928448 -1.855297
v 0.682976 4.928448 -1.855297
v 0.682976 4.928448 -1.855297
v 0.682976 4.928448 -1.855297
v 0.682976 4.928448 -1.855297
v -0.211753 5.790717 0.664036
v -0.211753 5.790717 0.664036
v -0.211753 5.790717 0.664036
v -0.211753 5.790717 0.664036
v -0.211753 5.790717 0.664036
v -0.211753 5.790717 0.664036
v -0.211753 5.790717 0.664036
v 0.292395 5.720026 0.203652
v 0.292395 5.720026 0.203652
v 0.292395 5.720026 0.203652
v 0.292395 5.720026 0.203652
v -0.536073 3.788835 -1.998399
v -0.536073 3.788835 -1.998399
v -0.536073 3.788835 -1.998399
v -0.536073 3.788835 -1.998399
v 0.229423 4.094568 -1.456051
v 0.229423 4.094568 -1.456051
v 0.229423 4.094568 -1.456051
v 0.229423 4.094568 -1.456051
v -0.655398 3.377912 -2.187656
v -0.655398 3.377912 -2.187656
v -0.655398 3.377912 -2.187656
v -0.655398 3.377912 -2.187656
v -0.774278 5.319553 -0.007594
v -0.774278 5.319553 -0.007594
v -0.774278 5.319553 -0.007594
v -0.774278 5.319553 -0.007594
v -0.774278 5.319553 -0.007594
v -0.774278 5.319553 -0.007594
v -0.714388 5.337295 0.296363
v -0.714388 5.337295 0.296363
v -0.714388 5.337295 0.296363
v -0.714388 5.337295 0.296363
v 0.481284 5.112653 1.388724
v 0.481284 5.112653 1.388724
v 0.481284 5.112653 1.388724
v 0.481284 5.112653 1.388724
v 0.411078 5.808645 1.346362
v 0.411078 5.808645 1.346362
v 0.411078 5.808645 1.346362
v 0.411078 5.808645 1.346362
v 0.411078 5.808645 1.346362
v 0.411078 5.808645 1.346362
v 0.411078 5.808645 1.346362
v -0.856275 5.132841 -0.918117
v -0.856275 5.132841 -0.918117
v -0.856275 5.132841 -0.918117
v -0.856275 5.132841 -0.918117
v -0.856275 5.132841 -0.918117
v 0.575138 3.888975 -1.192113
v 0.575138 3.888975 -1.192113
v 0.575138 3.888975 -1.192113
v 0.575138 3.888975 -1.192113
v 0.575138 3.888975 -1.192113
v 0.882764 3.907670 -1.462296
v 0.882764 3.907670 -1.462296
v 0.882764 3.907670 -1.462296
v 0.882764 3.907670 -1.462296
v 0.644527 5.092690 -0.780422
v 0.644527 5.092690 -0.780422
v 0.644527 5.092690 -0.780422
v 0.644527 5.092690 -0.780422
v 0.644527 5.092690 -0.780422
v 0.644527 5.092690 -0.780422
v 0.644527 5.092690 -0.780422
v 0.644527 5.092690 -0.780422
v 0.644527 5.092690 -0.780422
v -0.672950 4.256886 -2.961849
v -0.672950 4.256886 -2.961849
v -0.672950 4.256886 -2.961849
v -0.672950 4.256886 -2.961849
v 0.602448 6.042524 0.119489
v 0.602448 6.042524 0.119489
v 0.602448 6.042524 0.119489
v 0.602448 6.042524 0.119489
v 0.602448 6.042524 0.119489
v -0.883589 4.634980 -0.964283
v -0.883589 4.634980 -0.964283
v -0.883589 4.634980 -0.964283
v -0.883589 4.634980 -0.964283
v -0.883589 4.634980 -0.964283
v -0.922535 4.472428 0.430652
v -0.922535 4.472428 0.430652
v -0.922535 4.472428 0.430652
v -1.196917 4.469407 0.399547
v -1.196917 4.469407 0.399547
v -1.196917 4.469407 0.399547
v -1.196917 4.469407 0.399547
v -1.196917 4.469407 0.399547
v -0.471855 5.669098 -1.590084
v -0.471855 5.669098 -1.590084
v -0.471855 5.669098 -1.590084
v -0.471855 5.669098 -1.590084
v -0.471855 5.669098 -1.590084
v 0.484793 4.062341 -1.677737
v 0.484793 4.062341 -1.677737
v 0.484793 4.062341 -1.677737
v 0.484793 4.062341 -1.677737
v 0.484793 4.062341 -1.677737
v 0.484793 4.062341 -1.677737
v 0.953483 3.880853 -1.692003
v 0.953483 3.880853 -1.692003
v 0.953483 3.880853 -1.692003
v 0.953483 3.880853 -1.692003
v 0.953483 3.880853 -1.692003
v -1.088306 4.093275 -2.961802
v -1.088306 4.093275 -2.961802
v -1.088306 4.093275 -2.961802
v -1.088306 4.093275 -2.961802
v -1.088306 4.093275 -2.961802
v -0.596421 4.536563 -0.783741
v -0.596421 4.536563 -0.783741
v -0.596421 4.536563 -0.783741
v -0.596421 4.536563 -0.783741
v -0.596421 4.536563 -0.783741
v -0.596421 4.536563 -0.783741
v -0.596421 4.536563 -0.783741
v 0.576989 4.463439 -0.807432
v 0.576989 4.463439 -0.807432
v 0.576989 4.463439 -0.807432
v 0.576989 4.463439 -0.807432
v 0.576989 4.463439 -0.807432
v 1.261798 4.981306 -0.769693
v 1.261798 4.981306 -0.769693
v 1.261798 4.981306 -0.769693
v 1.261798 4.981306 -0.769693
v 1.261798 4.981306 -0.769693
v 1.261798 4.981306 -0.769693
v 1.261798 4.981306 -0.769693
v 0.491213 5.762473 0.415585
v 0.491213 5.762473 0.415585
v 0.491213 5.762473 0.415585
v 0.491213 5.762473 0.415585
v 0.491213 5.762473 0.415585
v 0.491213 5.762473 0.415585
v 1.971793 4.067408 -0.483691
v 1.971793 4.067408 -0.483691
v 1.971793 4.067408 -0.483691
v 1.971793 4.067408 -0.483691
v 1.971793 4.067408 -0.483691
v 1.861039 4.570403 -0.645209
v 1.861039 4.570403 -0.645209
v 1.861039 4.570403 -0.645209
v 1.861039 4.570403 -0.645209
v 1.861039 4.570403 -0.645209
v -0.350601 6.097818 -0.314868
v -0.350601 6.097818 -0.314868
v -0.350601 6.097818 -0.314868
v -0.350601 6.097818 -0.314868
v -0.917637 4.979302 -2.014098
v -0.917637 4.979302 -2.014098
v -0.917637 4.979302 -2.014098
v -0.917637 4.979302 -2.014098
v -0.917637 4.979302 -2.014098
v -1.236818 4.452994 0.651915
v -1.236818 4.452994 0.651915
v -1.236818 4.452994 0.651915
v -1.236818 4.452994 0.651915
v -1.236818 4.452994 0.651915
v -1.236818 4.452994 0.651915
v -1.236818 4.452994 0.651915
v -1.529617 4.161773 0.704176
v -1.529617 4.161773 0.704176
v -1.529617 4.161773 0.704176
v -1.529617 4.161773 0.704176
v -1.529617 4.161773 0.704176
v 0.801390 5.164053 0.647118
v 0.801390 5.164053 0.647118
v 0.801390 5.164053 0.647118
v 0.801390 5.164053 0.647118
v 0.801390 5.164053 0.647118
v 0.801390 5.164053 0.647118
v 0.801390 5.164053 0.647118
v -0.745886 5.198574 0.271267
v -0.745886 5.198574 0.271267
v -0.745886 5.198574 0.271267
v -0.745886 5.198574 0.271267
v -0.745886 5.198574 0.271267
v -0.745886 5.198574 0.271267
v -0.745886 5.198574 0.271267
v -0.745886 5.198574 0.271267
v 1.256353 4.349567 -0.405040
v 1.256353 4.349567 -0.405040
v 1.256353 4.349567 -0.405040
v 1.256353 4.349567 -0.405040
v 1.256353 4.349567 -0.405040
v 0.786514 5.914834 0.340180
v 0.786514 5.914834 0.340180
v 0.786514 5.914834 0.340180
v 0.016959 5.871724 -0.637904
v 0.016959 5.871724 -0.637904
v 0.016959 5.871724 -0.637904
v 0.016959 5.871724 -0.637904
v 0.016959 5.871724 -0.637904
v -0.669597 5.426551 -0.389367
v -0.669597 5.426551 -0.389367
v -0.669597 5.426551 -0.389367
v -0.669597 5.426551 -0.389367
v -1.168982 5.379865 -0.476020
v -1.168982 5.379865 -0.476020
v -1.168982 5.379865 -0.476020
v -1.168982 5.379865 -0.476020
v -1.168982 5.379865 -0.476020
v -0.755744 3.979853 -2.968757
v -0.755744 3.979853 -2.968757
v -0.755744 3.979853 -2.968757
v -0.755744 3.979853 -2.968757
v -2.509049 4.391607 0.305610
v -2.509049 4.391607 0.305610
v -2.509049 4.391607 0.305610
v -2.509049 4.391607 0.305610
v -2.509049 4.391607 0.305610
v -2.509049 4.391607 0.305610
v -2.272165 4.685028 0.525015
v -2.272165 4.685028 0.525015
v -2.272165 4.685028 0.525015
v -2.272165 4.685028 0.525015
v -2.272165 4.685028 0.525015
v 0.278798 4.856784 0.838862
v 0.278798 4.856784 0.838862
v 0.278798 4.856784 0.838862
v 0.278798 4.856784 0.838862
v -0.623008 4.648706 0.215172
v -0.623008 4.648706 0.215172
v -0.623008 4.648706 0.215172
v -0.623008 4.648706 0.215172
v -0.623008 4.648706 0.215172
v -0.623008 4.648706 0.215172
v -0.623008 4.648706 0.215172
v 2.268993 4.760588 -0.240083
v 2.268993 4.760588 -0.240083
v 2.268993 4.760588 -0.240083
v 2.268993 4.760588 -0.240083
v 2.268993 4.760588 -0.240083
v 2.211374 4.292293 -0.451836
v 2.211374 4.292293 -0.451836
v 2.211374 4.292293 -0.451836
v 2.211374 4.292293 -0.451836
v 0.682449 5.764753 -0.512008
v 0.682449 5.764753 -0.512008
v 0.682449 5.764753 -0.512008
v 0.682449 5.764753 -0.512008
v 0.682449 5.764753 -0.512008
v 0.682449 5.764753 -0.512008
v 0.463014 5.723946 -0.529308
v 0.463014 5.723946 -0.529308
v 0.463014 5.723946 -0.529308
v 0.934165 5.714525 -0.544311
v 0.934165 5.714525 -0.544311
v 0.934165 5.714525 -0.544311
v 0.934165 5.714525 -0.544311
v -0.585180 5.877547 0.001472
v -0.585180 5.877547 0.001472
v -0.585180 5.877547 0.001472
v -0.585180 5.877547 0.001472
v -0.585180 5.877547 0.001472
v -0.585180 5.877547 0.001472
v -0.585180 5.877547 0.001472
v -1.111300 4.934429 -1.811388
v -1.111300 4.934429 -1.811388
v -1.111300 4.934429 -1.811388
v -1.111300 4.934429 -1.811388
v -1.111300 4.934429 -1.811388
v -1.111300 4.934429 -1.811388
v -0.105583 4.351041 -0.206766
v -0.105583 4.351041 -0.206766
v -0.105583 4.351041 -0.206766
v -0.105583 4.351041 -0.206766
v 0.431618 5.264890 -1.062665
v 0.431618 5.264890 -1.062665
v 0.431618 5.264890 -1.062665
v 0.431618 5.264890 -1.062665
v 0.431618 5.264890 -1.062665
v 0.787309 5.434820 -0.839591
v 0.787309 5.434820 -0.839591
v 0.787309 5.434820 -0.839591
v 0.787309 5.434820 -0.839591
v 0.787309 5.434820 -0.839591
v 0.787309 5.434820 -0.839591
v 0.994246 4.891348 -0.745281
v 0.994246 4.891348 -0.745281
v 0.994246 4.891348 -0.745281
v 0.539205 4.803916 -0.455704
v 0.539205 4.803916 -0.455704
v 0.539205 4.803916 -0.455704
v 0.539205 4.803916 -0.455704
v 0.539205 4.803916 -0.455704
v 0.539205 4.803916 -0.455704
v 1.071041 4.646696 -0.543936
v 1.071041 4.646696 -0.543936
v 1.071041 4.646696 -0.543936
v 1.071041 4.646696 -0.543936
v 1.071041 4.646696 -0.543936
v 1.165147 5.021443 0.321008
v 1.165147 5.021443 0.321008
v 1.165147 5.021443 0.321008
v 1.165147 5.021443 0.321008
v 1.165147 5.021443 0.321008
v 0.044555 3.751004 -2.140582
v 0.044555 3.751004 -2.140582
v 0.044555 3.751004 -2.140582
v 0.044555 3.751004 -2.140582
v -0.496225 3.940134 -0.434039
v -0.496225 3.940134 -0.434039
v -0.496225 3.940134 -0.434039
v -0.496225 3.940134 -0.434039
v -0.496225 3.940134 -0.434039
v -0.419770 4.900386 -2.141947
v -0.419770 4.900386 -2.141947
v -0.419770 4.900386 -2.141947
v -0.419770 4.900386 -2.141947
v -0.419770 4.900386 -2.141947
v -0.121180 4.774276 -2.065498
v -0.121180 4.774276 -2.065498
v -0.121180 4.774276 -2.065498
v 0.257935 5.811645 0.032089
v 0.257935 5.811645 0.032089
v 0.257935 5.811645 0.032089
v 0.257935 5.811645 0.032089
v 0.257935 5.811645 0.032089
v 0.485564 3.691269 -1.905803
v 0.485564 3.691269 -1.905803
v 0.485564 3.691269 -1.905803
v 0.485564 3.691269 -1.905803
v 0.485564 3.691269 -1.905803
v -1.662729 4.258022 -0.352673
v -1.662729 4.258022 -0.352673
v -1.662729 4.258022 -0.352673
v -1.662729 4.258022 -0.352673
v -1.662729 4.258022 -0.352673
v -0.926011 4.549333 0.073745
v -0.926011 4.549333 0.073745
v -0.926011 4.549333 0.073745
v -0.926011 4.549333 0.073745
v -0.926011 4.549333 0.073745
v -0.926011 4.549333 0.073745
v -0.926011 4.549333 0.073745
v -1.049150 3.552897 -1.637749
v -1.049150 3.552897 -1.637749
v -1.049150 3.552897 -1.637749
v -1.049150 3.552897 -1.637749
v -1.604381 3.533031 -1.738617
v -1.604381 3.533031 -1.738617
v -1.604381 3.533031 -1.738617
v -1.604381 3.533031 -1.738617
v -1.604381 3.533031 -1.738617
v -1.604381 3.533031 -1.738617
v 0.600879 4.686008 -2.143468
v 0.600879 4.686008 -2.143468
v 0.600879 4.686008 -2.143468
v 0.600879 4.686008 -2.143468
v 0.600879 4.686008 -2.143468
v 0.600879 4.686008 -2.143468
v 0.334641 4.876143 -1.764918
v 0.334641 4.876143 -1.764918
v 0.334641 4.876143 -1.764918
v 0.334641 4.876143 -1.764918
v 0.346634 5.796497 -0.179208
v 0.346634 5.796497 -0.179208
v 0.346634 5.796497 -0.179208
v 0.346634 5.796497 -0.179208
v 0.346634 5.796497 -0.179208
v 0.346634 5.796497 -0.179208
v -0.411625 4.130563 -1.973417
v -0.411625 4.130563 -1.973417
v -0.411625 4.130563 -1.973417
v -0.411625 4.130563 -1.973417
v -0.411625 4.130563 -1.973417
v 0.379894 3.666757 -2.048852
v 0.379894 3.666757 -2.048852
v 0.379894 3.666757 -2.048852
v 0.379894 3.666757 -2.048852
v 0.379894 3.666757 -2.048852
v -1.740002 3.706453 -2.133731
v -1.740002 3.706453 -2.133731
v -1.740002 3.706453 -2.133731
v -1.740002 3.706453 -2.133731
v -1.740002 3.706453 -2.133731
v -1.740002 3.706453 -2.133731
v -1.787132 3.545191 -1.980853
v -1.787132 3.545191 -1.980853
v -1.787132 3.545191 -1.980853
v -1.787132 3.545191 -1.980853
v -1.787132 3.545191 -1.980853
v 0.898458 5.272917 -1.322665
v 0.898458 5.272917 -1.322665
v 0.898458 5.272917 -1.322665
v 0.898458 5.272917 -1.322665
v -0.176753 5.245859 -2.150298
v -0.176753 5.245859 -2.150298
v -0.176753 5.245859 -2.150298
v -0.176753 5.245859 -2.150298
v -1.828690 3.269649 -2.004346
v -1.828690 3.269649 -2.004346
v -1.828690 3.269649 -2.004346
v -1.828690 3.269649 -2.004346
v -1.828690 3.269649 -2.004346
v -1.492067 3.796009 1.499920
v -1.492067 3.796009 1.499920
v -1.492067 3.796009 1.499920
v -1.492067 3.796009 1.499920
v -1.161207 3.753720 1.762258
v -1.161207 3.753720 1.762258
v -1.161207 3.753720 1.762258
v -1.161207 3.753720 1.762258
v -1.161207 3.753720 1.762258
v -1.564265 5.371120 0.049057
v -1.564265 5.371120 0.049057
v -1.564265 5.371120 0.049057
v -1.564265 5.371120 0.049057
v -1.564265 5.371120 0.049057
v -1.477487 4.544107 -0.790264
v -1.477487 4.544107 -0.790264
v -1.477487 4.544107 -0.790264
v -1.477487 4.544107 -0.790264
v -1.477487 4.544107 -0.790264
v -1.477487 4.544107 -0.790264
v 1.831573 3.677395 -2.096565
v 1.831573 3.677395 -2.096565
v 1.831573 3.677395 -2.096565
v 1.831573 3.677395 -2.096565
v 1.831573 3.677395 -2.096565
v 1.443292 3.524183 -2.577824
v 1.443292 3.524183 -2.577824
v 1.443292 3.524183 -2.577824
v 1.443292 3.524183 -2.577824
v 1.443292 3.524183 -2.577824
v 1.443292 3.524183 -2.577824
v 0.726406 5.371069 0.962772
v 0.726406 5.371069 0.962772
v 0.726406 5.371069 0.962772
v 0.726406 5.371069 0.962772
v 0.680986 4.142784 -0.921700
v 0.680986 4.142784 -0.921700
v 0.680986 4.142784 -0.921700
v 0.680986 4.142784 -0.921700
v 0.680986 4.142784 -0.921700
v -0.860191 5.378975 -1.784593
v -0.860191 5.378975 -1.784593
v -0.860191 5.378975 -1.784593
v -0.860191 5.378975 -1.784593
v 1.647038 3.963846 -0.278180
v 1.647038 3.963846 -0.278180
v 1.647038 3.963846 -0.278180
v 1.647038 3.963846 -0.278180
v 1.347347 4.197484 0.057339
v 1.347347 4.197484 0.057339
v 1.347347 4.197484 0.057339
v 1.347347 4.197484 0.057339
v 1.347347 4.197484 0.057339
v -0.174878 5.857810 0.267046
v -0.174878 5.857810 0.267046
v -0.174878 5.857810 0.267046
v -0.174878 5.857810 0.267046
v -0.646562 5.366556 -2.037270
v -0.646562 5.366556 -2.037270
v -0.646562 5.366556 -2.037270
v -0.646562 5.366556 -2.037270
v -0.646562 5.366556 -2.037270
v 0.659064 4.043518 -2.405226
v 0.659064 4.043518 -2.405226
v 0.659064 4.043518 -2.405226
v 0.659064 4.043518 -2.405226
v 0.659064 4.043518 -2.405226
v 0.659064 4.043518 -2.405226
v -3.069738 3.399742 -0.024508
v -3.069738 3.399742 -0.024508
v -3.069738 3.399742 -0.024508
v -3.069738 3.399742 -0.024508
v -3.069738 3.399742 -0.024508
v -3.069738 3.399742 -0.024508
v -2.842783 3.053061 0.059957
v -2.842783 3.053061 0.059957
v -2.842783 3.053061 0.059957
v -2.842783 3.053061 0.059957
v 0.487675 4.541071 -0.547619
v 0.487675 4.541071 -0.547619
v 0.487675 4.541071 -0.547619
v 0.487675 4.541071 -0.547619
v 0.646651 5.535082 0.693514
v 0.646651 5.535082 0.693514
v 0.646651 5.535082 0.693514
v 0.646651 5.535082 0.693514
v -1.631311 3.122512 -1.750684
v -1.631311 3.122512 -1.750684
v -1.631311 3.122512 -1.750684
v -1.631311 3.122512 -1.750684
v -1.631311 3.122512 -1.750684
v 0.293214 4.928109 1.390741
v 0.293214 4.928109 1.390741
v 0.293214 4.928109 1.390741
v 0.293214 4.928109 1.390741
v 0.293214 4.928109 1.390741
v 0.293214 4.928109 1.390741
v -1.488490 5.132909 0.466967
v -1.488490 5.132909 0.466967
v -1.488490 5.132909 0.466967
v -1.488490 5.132909 0.466967
v -1.488490 5.132909 0.466967
v 0.664899 4.839118 -0.375378
v 0.664899 4.839118 -0.375378
v 0.664899 4.839118 -0.375378
v 0.664899 4.839118 -0.375378
v 0.664899 4.839118 -0.375378
v 0.780678 4.695221 0.023724
v 0.780678 4.695221 0.023724
v 0.780678 4.695221 0.023724
v 0.780678 4.695221 0.023724
v 0.780678 4.695221 0.023724
v -0.912203 3.717752 -2.576040
v -0.912203 3.717752 -2.576040
v -0.912203 3.717752 -2.576040
v -0.912203 3.717752 -2.576040
v -0.912203 3.717752 -2.576040
v 0.172253 3.744827 -1.881964
v 0.172253 3.744827 -1.881964
v 0.172253 3.744827 -1.881964
v 0.172253 3.744827 -1.881964
v -1.262998 3.731963 -2.605757
v -1.262998 3.731963 -2.605757
v -1.262998 3.731963 -2.605757
v -1.262998 3.731963 -2.605757
v -1.262998 3.731963 -2.605757
v -1.262998 3.731963 -2.605757
v -2.040203 3.880844 -1.724948
v -2.040203 3.880844 -1.724948
v -2.040203 3.880844 -1.724948
v -2.040203 3.880844 -1.724948
v -2.040203 3.880844 -1.724948
v -2.040203 3.880844 -1.724948
v -2.047160 4.252337 -1.850911
v -2.047160 4.252337 -1.850911
v -2.047160 4.252337 -1.850911
v -2.047160 4.252337 -1.850911
v -1.528117 4.050003 -1.543722
v -1.528117 4.050003 -1.543722
v -1.528117 4.050003 -1.543722
v -1.528117 4.050003 -1.543722
v -1.528117 4.050003 -1.543722
v -0.602094 5.424389 1.208807
v -0.602094 5.424389 1.208807
v -0.602094 5.424389 1.208807
v -0.602094 5.424389 1.208807
v -0.602094 5.424389 1.208807
v -0.602094 5.424389 1.208807
v -0.602094 5.424389 1.208807
v -0.427406 5.615186 0.780574
v -0.427406 5.615186 0.780574
v -0.427406 5.615186 0.780574
v -0.427406 5.615186 0.780574
v -0.427406 5.615186 0.780574
v -0.132685 5.886482 1.373878
v -0.132685 5.886482 1.373878
v -0.132685 5.886482 1.373878
v -0.132685 5.886482 1.373878
v -0.132685 5.886482 1.373878
v 0.028952 5.683789 1.733545
v 0.028952 5.683789 1.733545
v 0.028952 5.683789 1.733545
v 0.028952 5.683789 1.733545
v -0.039773 5.484350 -1.899026
v -0.039773 5.484350 -1.899026
v -0.039773 5.484350 -1.899026
v -0.039773 5.484350 -1.899026
v -0.560282 5.270301 0.727743
v -0.560282 5.270301 0.727743
v -0.560282 5.270301 0.727743
v -0.560282 5.270301 0.727743
v -0.560282 5.270301 0.727743
v -0.560282 5.270301 0.727743
v -0.693045 5.672164 0.333710
v -0.693045 5.672164 0.333710
v -0.693045 5.672164 0.333710
v -0.693045 5.672164 0.333710
v 1.008564 4.489869 -0.884723
v 1.008564 4.489869 -0.884723
v 1.008564 4.489869 -0.884723
v 1.008564 4.489869 -0.884723
v 1.008564 4.489869 -0.884723
v 0.441705 4.307251 -2.434376
v 0.441705 4.307251 -2.434376
v 0.441705 4.307251 -2.434376
v 0.441705 4.307251 -2.434376
v -1.207678 4.510953 -0.443249
v -1.207678 4.510953 -0.443249
v -1.207678 4.510953 -0.443249
v -1.207678 4.510953 -0.443249
v 0.099100 5.275596 -1.453512
v 0.099100 5.275596 -1.453512
v 0.099100 5.275596 -1.453512
v 0.099100 5.275596 -1.453512
v 0.099100 5.275596 -1.453512
v 1.753023 4.846421 -0.482969
v 1.753023 4.846421 -0.482969
v 1.753023 4.846421 -0.482969
v 1.753023 4.846421 -0.482969
v 0.221300 5.523818 1.726824
v 0.221300 5.523818 1.726824
v 0.221300 5.523818 1.726824
v 0.221300 5.523818 1.726824
v 0.701318 6.058759 -0.190731
v 0.701318 6.058759 -0.190731
v 0.701318 6.058759 -0.190731
v 0.701318 6.058759 -0.190731
v 0.701318 6.058759 -0.190731
v 1.104833 5.939452 0.098064
v 1.104833 5.939452 0.098064
v 1.104833 5.939452 0.098064
v 1.104833 5.939452 0.098064
v 1.104833 5.939452 0.098064
v 1.104833 5.939452 0.098064
v 1.359580 4.579331 0.336852
v 1.359580 4.579331 0.336852
v 1.359580 4.579331 0.336852
v 1.359580 4.579331 0.336852
v 1.359580 4.579331 0.336852
v 1.359580 4.579331 0.336852
v 1.359580 4.579331 0.336852
v 1.359580 4.579331 0.336852
v 1.359580 4.579331 0.336852
v 1.314692 5.393097 -0.068805
v 1.314692 5.393097 -0.068805
v 1.314692 5.393097 -0.068805
v 1.314692 5.393097 -0.068805
v 1.314692 5.393097 -0.068805
v 1.314692 5.393097 -0.068805
v 1.314692 5.393097 -0.068805
v 1.702060 4.908164 0.203421
v 1.702060 4.908164 0.203421
v 1.702060 4.908164 0.203421
v 1.702060 4.908164 0.203421
v 1.702060 4.908164 0.203421
v 1.702060 4.908164 0.203421
v 1.702060 4.908164 0.203421
v 1.702060 4.908164 0.203421
v 1.356566 4.706595 -2.123121
v 1.356566 4.706595 -2.123121
v 1.356566 4.706595 -2.123121
v 1.356566 4.706595 -2.123121
v 1.356566 4.706595 -2.123121
v 1.034726 4.879788 -1.746915
v 1.034726 4.879788 -1.746915
v 1.034726 4.879788 -1.746915
v 1.034726 4.879788 -1.746915
v 1.034726 4.879788 -1.746915
v 1.456122 4.666827 -0.652881
v 1.456122 4.666827 -0.652881
v 1.456122 4.666827 -0.652881
v 1.456122 4.666827 -0.652881
v 1.456122 4.666827 -0.652881
v -2.061504 3.389102 -0.260384
v -2.061504 3.389102 -0.260384
v -2.061504 3.389102 -0.260384
v -2.061504 3.389102 -0.260384
v -2.061504 3.389102 -0.260384
v -1.624930 3.459157 0.169386
v -1.624930 3.459157 0.169386
v -1.624930 3.459157 0.169386
v -1.624930 3.459157 0.169386
v -1.624930 3.459157 0.169386
v 0.401467 5.709044 0.885211
v 0.401467 5.709044 0.885211
v 0.401467 5.709044 0.885211
v 0.401467 5.709044 0.885211
v 0.963729 4.709034 -1.035364
v 0.963729 4.709034 -1.035364
v 0.963729 4.709034 -1.035364
v 0.963729 4.709034 -1.035364
v 0.963729 4.709034 -1.035364
v 1.840708 3.859944 -0.752303
v 1.840708 3.859944 -0.752303
v 1.840708 3.859944 -0.752303
v 2.041415 3.933308 -1.091553
v 2.041415 3.933308 -1.091553
v 2.041415 3.933308 -1.091553
v 2.041415 3.933308 -1.091553
v 2.041415 3.933308 -1.091553
v 1.682220 4.486063 -2.413595
v 1.682220 4.486063 -2.413595
v 1.682220 4.486063 -2.413595
v 1.682220 4.486063 -2.413595
v -1.464898 4.088033 -2.525188
v -1.464898 4.088033 -2.525188
v -1.464898 4.088033 -2.525188
v -1.464898 4.088033 -2.525188
v -1.756507 4.191361 -2.161967
v -1.756507 4.191361 -2.161967
v -1.756507 4.191361 -2.161967
v -1.756507 4.191361 -2.161967
v -1.756507 4.191361 -2.161967
v 0.812659 3.789156 -2.223797
v 0.812659 3.789156 -2.223797
v 0.812659 3.789156 -2.223797
v 0.812659 3.789156 -2.223797
v 1.828941 4.497761 -1.828848
v 1.828941 4.497761 -1.828848
v 1.828941 4.497761 -1.828848
v 1.828941 4.497761 -1.828848
v 1.828941 4.497761 -1.828848
v 1.828941 4.497761 -1.828848
v 0.849780 4.037639 -0.938497
v 0.849780 4.037639 -0.938497
v 0.849780 4.037639 -0.938497
v 0.849780 4.037639 -0.938497
v 0.849780 4.037639 -0.938497
v -0.900219 3.330538 -2.503729
v -0.900219 3.330538 -2.503729
v -0.900219 3.330538 -2.503729
v -0.900219 3.330538 -2.503729
v -0.900219 3.330538 -2.503729
v -0.900219 3.330538 -2.503729
v -1.275275 3.022063 -1.725629
v -1.275275 3.022063 -1.725629
v -1.275275 3.022063 -1.725629
v -1.275275 3.022063 -1.725629
v -1.275275 3.022063 -1.725629
v -0.866647 3.271888 -2.178770
v -0.866647 3.271888 -2.178770
v -0.866647 3.271888 -2.178770
v -0.866647 3.271888 -2.178770
v -1.803644 4.144744 -1.474975
v -1.803644 4.144744 -1.474975
v -1.803644 4.144744 -1.474975
v 1.039493 3.697799 -2.056044
v 1.039493 3.697799 -2.056044
v 1.039493 3.697799 -2.056044
v 1.039493 3.697799 -2.056044
v 1.039493 3.697799 -2.056044
v 2.083129 4.469130 1.060308
v 2.083129 4.469130 1.060308
v 2.083129 4.469130 1.060308
v 2.083129 4.469130 1.060308
v 2.083129 4.469130 1.060308
v 2.083129 4.469130 1.060308
v 0.968003 4.626699 -0.302998
v 0.968003 4.626699 -0.302998
v 0.968003 4.626699 -0.302998
v 0.968003 4.626699 -0.302998
v 0.968003 4.626699 -0.302998
v 0.968003 4.626699 -0.302998
v 1.591981 3.886728 -2.409159
v 1.591981 3.886728 -2.409159
v 1.591981 3.886728 -2.409159
v 1.065914 4.800293 -2.323092
v 1.065914 4.800293 -2.323092
v 1.065914 4.800293 -2.323092
v 1.065914 4.800293 -2.323092
v 1.065914 4.800293 -2.323092
v 1.107733 4.063676 -2.791089
v 1.107733 4.063676 -2.791089
v 1.107733 4.063676 -2.791089
v 1.107733 4.063676 -2.791089
v 1.107733 4.063676 -2.791089
v 1.529262 4.215859 -2.709227
v 1.529262 4.215859 -2.709227
v 1.529262 4.215859 -2.709227
v 1.529262 4.215859 -2.709227
v 1.529262 4.215859 -2.709227
v 1.529262 4.215859 -2.709227
v 1.424247 4.483308 -2.720556
v 1.424247 4.483308 -2.720556
v 1.424247 4.483308 -2.720556
v 1.424247 4.483308 -2.720556
v 1.424247 4.483308 -2.720556
v 1.244237 4.292675 -2.808343
v 1.244237 4.292675 -2.808343
v 1.244237 4.292675 -2.808343
v 1.192212 4.485643 0.134436
v 1.192212 4.485643 0.134436
v 1.192212 4.485643 0.134436
v 1.192212 4.485643 0.134436
v -1.820147 4.479599 -0.486247
v -1.820147 4.479599 -0.486247
v -1.820147 4.479599 -0.486247
v -1.820147 4.479599 -0.486247
v -1.820147 4.479599 -0.486247
v -1.820147 4.479599 -0.486247
v -2.001046 4.861795 -0.271951
v -2.001046 4.861795 -0.271951
v -2.001046 4.861795 -0.271951
v -2.001046 4.861795 -0.271951
v -2.001046 4.861795 -0.271951
v -2.001046 4.861795 -0.271951
v -2.430176 4.398306 0.823650
v -2.430176 4.398306 0.823650
v -2.430176 4.398306 0.823650
v -2.430176 4.398306 0.823650
v -2.430176 4.398306 0.823650
v -2.430176 4.398306 0.823650
v -0.862775 4.511188 -0.320128
v -0.862775 4.511188 -0.320128
v -0.862775 4.511188 -0.320128
v -2.239494 3.170906 -0.458314
v -2.239494 3.170906 -0.458314
v -2.239494 3.170906 -0.458314
v -2.239494 3.170906 -0.458314
v -2.239494 3.170906 -0.458314
v -2.239494 3.170906 -0.458314
v -1.488518 4.797604 -0.963168
v -1.488518 4.797604 -0.963168
v -1.488518 4.797604 -0.963168
v -1.488518 4.797604 -0.963168
v -1.558049 4.179845 0.150629
v -1.558049 4.179845 0.150629
v -1.558049 4.179845 0.150629
v -1.558049 4.179845 0.150629
v -1.558049 4.179845 0.150629
v -1.558049 4.179845 0.150629
v -1.558049 4.179845 0.150629
v -1.558049 4.179845 0.150629
v -0.563399 5.076216 0.950502
v -0.563399 5.076216 0.950502
v -0.563399 5.076216 0.950502
v -0.826399 4.729738 0.486463
v -0.826399 4.729738 0.486463
v -0.826399 4.729738 0.486463
v -0.826399 4.729738 0.486463
v -1.762756 5.267495 -0.101344
v -1.762756 5.267495 -0.101344
v -1.762756 5.267495 -0.101344
v -1.762756 5.267495 -0.101344
v -1.047295 4.970082 0.573019
v -1.047295 4.970082 0.573019
v -1.047295 4.970082 0.573019
v -1.047295 4.970082 0.573019
v -1.047295 4.970082 0.573019
v -1.047295 4.970082 0.573019
v -1.758996 3.563089 -1.712350
v -1.758996 3.563089 -1.712350
v -1.758996 3.563089 -1.712350
v -2.039315 3.885381 -2.024171
v -2.039315 3.885381 -2.024171
v -2.039315 3.885381 -2.024171
v -2.039315 3.885381 -2.024171
v -0.928508 4.248928 0.967575
v -0.928508 4.248928 0.967575
v -0.928508 4.248928 0.967575
v -0.928508 4.248928 0.967575
v -0.928508 4.248928 0.967575
v -0.928508 4.248928 0.967575
v 1.656730 3.871196 -1.346980
v 1.656730 3.871196 -1.346980
v 1.656730 3.871196 -1.346980
v 1.656730 3.871196 -1.346980
v 1.656730 3.871196 -1.346980
v 1.656730 3.871196 -1.346980
v 1.912229 3.831067 -1.731405
v 1.912229 3.831067 -1.731405
v 1.912229 3.831067 -1.731405
v 1.912229 3.831067 -1.731405
v 1.912229 3.831067 -1.731405
v 0.813021 4.387528 -2.524397
v 0.813021 4.387528 -2.524397
v 0.813021 4.387528 -2.524397
v 0.813021 4.387528 -2.524397
v 0.813021 4.387528 -2.524397
v 0.813021 4.387528 -2.524397
v 1.911511 4.306122 -2.199848
v 1.911511 4.306122 -2.199848
v 1.911511 4.306122 -2.199848
v 1.911511 4.306122 -2.199848
v 1.911511 4.306122 -2.199848
v 1.076941 3.615320 -2.421511
v 1.076941 3.615320 -2.421511
v 1.076941 3.615320 -2.421511
v 1.076941 3.615320 -2.421511
v 1.076941 3.615320 -2.421511
v 1.076941 3.615320 -2.421511
v 1.559008 3.533062 -1.789540
v 1.559008 3.533062 -1.789540
v 1.559008 3.533062 -1.789540
v 1.559008 3.533062 -1.789540
v 1.559008 3.533062 -1.789540
v 1.559008 3.533062 -1.789540
v 1.931003 3.839891 -1.242070
v 1.931003 3.839891 -1.242070
v 1.931003 3.839891 -1.242070
v 1.931003 3.839891 -1.242070
v 1.931003 3.839891 -1.242070
v 1.717387 4.027785 -0.672221
v 1.717387 4.027785 -0.672221
v 1.717387 4.027785 -0.672221
v 1.717387 4.027785 -0.672221
v 1.717387 4.027785 -0.672221
v 1.323359 3.544795 -1.852971
v 1.323359 3.544795 -1.852971
v 1.323359 3.544795 -1.852971
v 1.323359 3.544795 -1.852971
v 1.799295 4.789048 -1.283707
v 1.799295 4.789048 -1.283707
v 1.799295 4.789048 -1.283707
v 1.799295 4.789048 -1.283707
v 2.096274 4.497330 -1.600375
v 2.096274 4.497330 -1.600375
v 2.096274 4.497330 -1.600375
v 2.096274 4.497330 -1.600375
v 2.096274 4.497330 -1.600375
v 1.553469 4.595759 -0.620124
v 1.553469 4.595759 -0.620124
v 1.553469 4.595759 -0.620124
v 1.553469 4.595759 -0.620124
v 1.553469 4.595759 -0.620124
v 1.123760 3.916745 -0.760383
v 1.123760 3.916745 -0.760383
v 1.123760 3.916745 -0.760383
v 1.123760 3.916745 -0.760383
v 1.123760 3.916745 -0.760383
v 1.308160 4.746470 -1.109963
v 1.308160 4.746470 -1.109963
v 1.308160 4.746470 -1.109963
v 1.308160 4.746470 -1.109963
v 1.308160 4.746470 -1.109963
v 1.308160 4.746470 -1.109963
v 1.998357 4.054832 -1.900705
v 1.998357 4.054832 -1.900705
v 1.998357 4.054832 -1.900705
v 1.998357 4.054832 -1.900705
v 1.998357 4.054832 -1.900705
v 1.133968 3.853968 -1.376107
v 1.133968 3.853968 -1.376107
v 1.133968 3.853968 -1.376107
v 1.133968 3.853968 -1.376107
v 1.133968 3.853968 -1.376107
v -1.306896 3.227063 -2.672980
v -1.306896 3.227063 -2.672980
v -1.306896 3.227063 -2.672980
v -1.306896 3.227063 -2.672980
v -1.306896 3.227063 -2.672980
v -2.168031 4.575569 -0.215297
v -2.168031 4.575569 -0.215297
v -2.168031 4.575569 -0.215297
v -2.168031 4.575569 -0.215297
v -2.168031 4.575569 -0.215297
v -1.963552 4.866121 0.303640
v -1.963552 4.866121 0.303640
v -1.963552 4.866121 0.303640
v -1.963552 4.866121 0.303640
v -1.963552 4.866121 0.303640
v -1.671207 4.884324 -0.816724
v -1.671207 4.884324 -0.816724
v -1.671207 4.884324 -0.816724
v -1.671207 4.884324 -0.816724
v -2.530535 4.066554 0.302423
v -2.530535 4.066554 0.302423
v -2.530535 4.066554 0.302423
v -2.530535 4.066554 0.302423
v -2.530535 4.066554 0.302423
v -1.571360 3.741080 -0.002250
v -1.571360 3.741080 -0.002250
v -1.571360 3.741080 -0.002250
v -1.571360 3.741080 -0.002250
v -1.593762 3.606734 -0.273696
v -1.593762 3.606734 -0.273696
v -1.593762 3.606734 -0.273696
v -1.593762 3.606734 -0.273696
v -1.147762 5.245753 0.360853
v -1.147762 5.245753 0.360853
v -1.147762 5.245753 0.360853
v -1.147762 5.245753 0.360853
v -1.147762 5.245753 0.360853
v -1.365083 4.150805 0.838154
v -1.365083 4.150805 0.838154
v -1.365083 4.150805 0.838154
v 1.894754 4.680470 1.245134
v 1.894754 4.680470 1.245134
v 1.894754 4.680470 1.245134
v 1.894754 4.680470 1.245134
v 1.894754 4.680470 1.245134
v -0.031980 6.199185 0.001486
v -0.031980 6.199185 0.001486
v -0.031980 6.199185 0.001486
v -0.031980 6.199185 0.001486
v -0.031980 6.199185 0.001486
v -0.031980 6.199185 0.001486
v -0.393510 5.807084 0.504301
v -0.393510 5.807084 0.504301
v -0.393510 5.807084 0.504301
v -0.393510 5.807084 0.504301
v -0.393510 5.807084 0.504301
v -0.238909 5.923419 0.984429
v -0.238909 5.923419 0.984429
v -0.238909 5.923419 0.984429
v -0.238909 5.923419 0.984429
v -0.150360 5.313719 1.798152
v -0.150360 5.313719 1.798152
v -0.150360 5.313719 1.798152
v -0.150360 5.313719 1.798152
v -0.150360 5.313719 1.798152
v -0.472199 5.196990 1.599257
v -0.472199 5.196990 1.599257
v -0.472199 5.196990 1.599257
v -0.472199 5.196990 1.599257
v 0.184966 5.935295 1.106481
v 0.184966 5.935295 1.106481
v 0.184966 5.935295 1.106481
v 0.184966 5.935295 1.106481
v -1.193103 5.111810 1.366160
v -1.193103 5.111810 1.366160
v -1.193103 5.111810 1.366160
v -1.193103 5.111810 1.366160
v -1.292251 5.345165 1.106547
v -1.292251 5.345165 1.106547
v -1.292251 5.345165 1.106547
v -1.292251 5.345165 1.106547
v -1.292251 5.345165 1.106547
v -0.901189 4.890166 0.934608
v -0.901189 4.890166 0.934608
v -0.901189 4.890166 0.934608
v -0.901189 4.890166 0.934608
v -0.901189 4.890166 0.934608
v -0.901189 4.890166 0.934608
v -1.822451 3.763157 1.234859
v -1.822451 3.763157 1.234859
v -1.822451 3.763157 1.234859
v -1.822451 3.763157 1.234859
v -1.822451 3.763157 1.234859
v -1.822451 3.763157 1.234859
v -1.822451 3.763157 1.234859
v -2.991201 3.417464 -0.415611
v -2.991201 3.417464 -0.415611
v -2.991201 3.417464 -0.415611
v -2.991201 3.417464 -0.415611
v -1.557966 5.118389 1.449957
v -1.557966 5.118389 1.449957
v -1.557966 5.118389 1.449957
v -2.539463 4.321248 -0.434965
v -2.539463 4.321248 -0.434965
v -2.539463 4.321248 -0.434965
v -2.539463 4.321248 -0.434965
v -2.539463 4.321248 -0.434965
v -2.696468 4.149526 -0.238742
v -2.696468 4.149526 -0.238742
v -2.696468 4.149526 -0.238742
v -2.696468 4.149526 -0.238742
v -2.696468 4.149526 -0.238742
v -2.719935 3.993674 0.075971
v -2.719935 3.993674 0.075971
v -2.719935 3.993674 0.075971
v -2.719935 3.993674 0.075971
v -1.874078 3.601245 1.978474
v -1.874078 3.601245 1.978474
v -1.874078 3.601245 1.978474
v -1.874078 3.601245 1.978474
v -2.185957 3.780321 2.084946
v -2.185957 3.780321 2.084946
v -2.185957 3.780321 2.084946
v -2.185957 3.780321 2.084946
v -2.185957 3.780321 2.084946
v -2.185957 3.780321 2.084946
v -2.208731 4.686195 1.044613
v -2.208731 4.686195 1.044613
v -2.208731 4.686195 1.044613
v -2.208731 4.686195 1.044613
v -2.208731 4.686195 1.044613
v -2.208731 4.686195 1.044613
v -2.208731 4.686195 1.044613
v -2.282405 4.439204 1.388734
v -2.282405 4.439204 1.388734
v -2.282405 4.439204 1.388734
v -2.282405 4.439204 1.388734
v -2.282405 4.439204 1.388734
v -2.282405 4.439204 1.388734
v -1.504953 3.791986 0.948823
v -1.504953 3.791986 0.948823
v -1.504953 3.791986 0.948823
v -1.504953 3.791986 0.948823
v -1.504953 3.791986 0.948823
v -1.504953 3.791986 0.948823
v -1.504953 3.791986 0.948823
v -1.504953 3.791986 0.948823
v -1.504953 3.791986 0.948823
v -1.504953 3.791986 0.948823
v -2.249238 3.494672 0.279400
v -2.249238 3.494672 0.279400
v -2.249238 3.494672 0.279400
v -2.249238 3.494672 0.279400
v -2.249238 3.494672 0.279400
v -1.914500 3.640241 0.606696
v -1.914500 3.640241 0.606696
v -1.914500 3.640241 0.606696
v -1.914500 3.640241 0.606696
v -1.914500 3.640241 0.606696
v -1.914500 3.640241 0.606696
v -1.914500 3.640241 0.606696
v -2.637042 4.243444 1.428630
v -2.637042 4.243444 1.428630
v -2.637042 4.243444 1.428630
v -2.637042 4.243444 1.428630
v -2.479545 3.932199 1.988606
v -2.479545 3.932199 1.988606
v -2.479545 3.932199 1.988606
v -2.479545 3.932199 1.988606
v -2.106252 3.926113 -0.723642
v -2.106252 3.926113 -0.723642
v -2.106252 3.926113 -0.723642
v -2.106252 3.926113 -0.723642
v -2.106252 3.926113 -0.723642
v -2.106252 3.926113 -0.723642
v -2.218378 4.318715 -0.544282
v -2.218378 4.318715 -0.544282
v -2.218378 4.318715 -0.544282
v -2.218378 4.318715 -0.544282
v -2.829613 4.144186 1.203186
v -2.829613 4.144186 1.203186
v -2.829613 4.144186 1.203186
v -2.829613 4.144186 1.203186
v -2.829613 4.144186 1.203186
v -2.829613 4.144186 1.203186
v -1.532235 4.081376 0.464475
v -1.532235 4.081376 0.464475
v -1.532235 4.081376 0.464475
v -1.532235 4.081376 0.464475
v -1.760098 4.174046 -0.325789
v -1.760098 4.174046 -0.325789
v -1.760098 4.174046 -0.325789
v -1.760098 4.174046 -0.325789
v -1.760098 4.174046 -0.325789
v -1.760098 4.174046 -0.325789
v -1.760098 4.174046 -0.325789
v -2.801082 3.841912 1.156600
v -2.801082 3.841912 1.156600
v -2.801082 3.841912 1.156600
v -2.636344 3.328395 -0.669689
v -2.636344 3.328395 -0.669689
v -2.636344 3.328395 -0.669689
v -2.636344 3.328395 -0.669689
v -2.636344 3.328395 -0.669689
v -1.650429 5.122160 0.788313
v -1.650429 5.122160 0.788313
v -1.650429 5.122160 0.788313
v -1.650429 5.122160 0.788313
v -1.650429 5.122160 0.788313
v -2.433779 4.030170 0.667076
v -2.433779 4.030170 0.667076
v -2.433779 4.030170 0.667076
v -2.433779 4.030170 0.667076
v -2.313341 3.826171 0.568880
v -2.313341 3.826171 0.568880
v -2.313341 3.826171 0.568880
v -2.313341 3.826171 0.568880
v -2.313341 3.826171 0.568880
v -2.313341 3.826171 0.568880
v -2.313341 3.826171 0.568880
v -2.313341 3.826171 0.568880
v -1.652322 5.156819 1.301448
v -1.652322 5.156819 1.301448
v -1.652322 5.156819 1.301448
v -1.652322 5.156819 1.301448
v -1.417758 3.824224 2.717158
v -1.417758 3.824224 2.717158
v -1.417758 3.824224 2.717158
v -1.417758 3.824224 2.717158
v -1.196898 3.738663 2.573601
v -1.196898 3.738663 2.573601
v -1.196898 3.738663 2.573601
v -1.196898 3.738663 2.573601
v -1.191472 5.167754 0.670449
v -1.191472 5.167754 0.670449
v -1.191472 5.167754 0.670449
v -1.191472 5.167754 0.670449
v -1.191472 5.167754 0.670449
v -1.561254 4.884010 1.459191
v -1.561254 4.884010 1.459191
v -1.561254 4.884010 1.459191
v -1.561254 4.884010 1.459191
v -1.561254 4.884010 1.459191
v -1.561254 4.884010 1.459191
v -1.912687 4.539180 1.373337
v -1.912687 4.539180 1.373337
v -1.912687 4.539180 1.373337
v -1.912687 4.539180 1.373337
v -1.423672 4.940106 1.773371
v -1.423672 4.940106 1.773371
v -1.423672 4.940106 1.773371
v -1.423672 4.940106 1.773371
v -1.735688 4.776124 1.889685
v -1.735688 4.776124 1.889685
v -1.735688 4.776124 1.889685
v -1.735688 4.776124 1.889685
v -2.806586 3.602713 0.209298
v -2.806586 3.602713 0.209298
v -2.806586 3.602713 0.209298
v -2.806586 3.602713 0.209298
v -2.806586 3.602713 0.209298
v -2.806586 3.602713 0.209298
v -1.059358 4.596515 0.927682
v -1.059358 4.596515 0.927682
v -1.059358 4.596515 0.927682
v -1.059358 4.596515 0.927682
v -2.293752 3.432644 1.156463
v -2.293752 3.432644 1.156463
v -2.293752 3.432644 1.156463
v -2.293752 3.432644 1.156463
v -2.293752 3.432644 1.156463
v -1.967317 3.661138 0.853025
v -1.967317 3.661138 0.853025
v -1.967317 3.661138 0.853025
v -1.967317 3.661138 0.853025
v -0.657592 4.808897 1.445255
v -0.657592 4.808897 1.445255
v -0.657592 4.808897 1.445255
v -0.657592 4.808897 1.445255
v -0.657592 4.808897 1.445255
v -0.636401 4.845207 1.795179
v -0.636401 4.845207 1.795179
v -0.636401 4.845207 1.795179
v -0.636401 4.845207 1.795179
v -0.636401 4.845207 1.795179
v -1.607217 3.345086 0.463750
v -1.607217 3.345086 0.463750
v -1.607217 3.345086 0.463750
v -1.607217 3.345086 0.463750
v -1.364410 3.721102 0.341236
v -1.364410 3.721102 0.341236
v -1.364410 3.721102 0.341236
v -1.364410 3.721102 0.341236
v -1.364410 3.721102 0.341236
v -1.817335 3.784240 -0.490646
v -1.817335 3.784240 -0.490646
v -1.817335 3.784240 -0.490646
v -1.817335 3.784240 -0.490646
v -1.475818 3.653193 0.541640
v -1.475818 3.653193 0.541640
v -1.475818 3.653193 0.541640
v -1.475818 3.653193 0.541640
v -2.535906 3.111700 0.253667
v -2.535906 3.111700 0.253667
v -2.535906 3.111700 0.253667
v -2.535906 3.111700 0.253667
v -2.535906 3.111700 0.253667
v -2.559109 2.981626 -0.220989
v -2.559109 2.981626 -0.220989
v -2.559109 2.981626 -0.220989
v -2.559109 2.981626 -0.220989
v -2.559109 2.981626 -0.220989
v -2.954608 3.171165 -0.298552
v -2.954608 3.171165 -0.298552
v -2.954608 3.171165 -0.298552
v -2.954608 3.171165 -0.298552
v -2.489814 3.938383 -0.540139
v -2.489814 3.938383 -0.540139
v -2.489814 3.938383 -0.540139
v -2.489814 3.938383 -0.540139
v -2.489814 3.938383 -0.540139
v -2.337492 3.552768 -0.713020
v -2.337492 3.552768 -0.713020
v -2.337492 3.552768 -0.713020
v -0.949114 3.895675 2.533220
v -0.949114 3.895675 2.533220
v -0.949114 3.895675 2.533220
v -0.949114 3.895675 2.533220
v -0.949114 3.895675 2.533220
v -0.571789 3.931823 2.392022
v -0.571789 3.931823 2.392022
v -0.571789 3.931823 2.392022
v -2.824177 3.257650 0.269006
v -2.824177 3.257650 0.269006
v -2.824177 3.257650 0.269006
v -2.244642 3.110356 -0.013153
v -2.244642 3.110356 -0.013153
v -2.244642 3.110356 -0.013153
v -2.244642 3.110356 -0.013153
v -2.244642 3.110356 -0.013153
v -2.003884 3.365318 0.037938
v -2.003884 3.365318 0.037938
v -2.003884 3.365318 0.037938
v -2.003884 3.365318 0.037938
v -2.003884 3.365318 0.037938
v -2.779086 3.859159 0.885647
v -2.779086 3.859159 0.885647
v -2.779086 3.859159 0.885647
v -2.779086 3.859159 0.885647
v -2.559502 3.532182 1.170521
v -2.559502 3.532182 1.170521
v -2.559502 3.532182 1.170521
v -2.559502 3.532182 1.170521
v -2.559502 3.532182 1.170521
v -2.632116 3.719666 1.592054
v -2.632116 3.719666 1.592054
v -2.632116 3.719666 1.592054
v -2.632116 3.719666 1.592054
v -2.632116 3.719666 1.592054
v -2.632116 3.719666 1.592054
v -2.310917 3.507587 1.670020
v -2.310917 3.507587 1.670020
v -2.310917 3.507587 1.670020
v -2.310917 3.507587 1.670020
v -0.831563 4.213836 1.211509
v -0.831563 4.213836 1.211509
v -0.831563 4.213836 1.211509
v -0.831563 4.213836 1.211509
v -0.831563 4.213836 1.211509
v -0.831563 4.213836 1.211509
v -2.004805 4.505988 1.819404
v -2.004805 4.505988 1.819404
v -2.004805 4.505988 1.819404
v -2.004805 4.505988 1.819404
v -2.004805 4.505988 1.819404
v -2.004805 4.505988 1.819404
v -2.029530 4.329681 2.342314
v -2.029530 4.329681 2.342314
v -2.029530 4.329681 2.342314
v -2.029530 4.329681 2.342314
v -2.029530 4.329681 2.342314
v -2.029530 4.329681 2.342314
v -1.472370 4.756313 2.189570
v -1.472370 4.756313 2.189570
v -1.472370 4.756313 2.189570
v -1.472370 4.756313 2.189570
v -1.031801 3.880270 1.968765
v -1.031801 3.880270 1.968765
v -1.031801 3.880270 1.968765
v -1.031801 3.880270 1.968765
v -1.031801 3.880270 1.968765
v -1.031801 3.880270 1.968765
v -1.919242 4.155502 2.712110
v -1.919242 4.155502 2.712110
v -1.919242 4.155502 2.712110
v -1.919242 4.155502 2.712110
v -1.919242 4.155502 2.712110
v -1.542239 4.767324 1.541832
v -1.542239 4.767324 1.541832
v -1.542239 4.767324 1.541832
v -1.542239 4.767324 1.541832
v -1.542239 4.767324 1.541832
v -1.542239 4.767324 1.541832
v -1.542239 4.767324 1.541832
v -0.732115 4.232198 1.793797
v -0.732115 4.232198 1.793797
v -0.732115 4.232198 1.793797
v -0.732115 4.232198 1.793797
v -0.732115 4.232198 1.793797
v -0.732115 4.232198 1.793797
v -0.732115 4.232198 1.793797
v -0.537447 4.460721 1.961603
v -0.537447 4.460721 1.961603
v -0.537447 4.460721 1.961603
v -0.537447 4.460721 1.961603
v -0.537447 4.460721 1.961603
v -2.133326 4.053024 2.272648
v -2.133326 4.053024 2.272648
v -2.133326 4.053024 2.272648
v -2.133326 4.053024 2.272648
v -2.133326 4.053024 2.272648
v -2.133326 4.053024 2.272648
v -1.965832 3.599153 1.707702
v -1.965832 3.599153 1.707702
v -1.965832 3.599153 1.707702
v -1.965832 3.599153 1.707702
v -2.344088 4.243699 1.844525
v -2.344088 4.243699 1.844525
v -2.344088 4.243699 1.844525
v -2.344088 4.243699 1.844525
v 0.485029 3.352578 2.915200
v 0.485029 3.352578 2.915200
v 0.485029 3.352578 2.915200
v 0.485029 3.352578 2.915200
v 0.266320 3.236266 2.574905
v 0.266320 3.236266 2.574905
v 0.266320 3.236266 2.574905
v 0.266320 3.236266 2.574905
v -0.865742 4.320292 2.592271
v -0.865742 4.320292 2.592271
v -0.865742 4.320292 2.592271
v -0.865742 4.320292 2.592271
v -0.865742 4.320292 2.592271
v -0.611606 4.499077 2.377826
v -0.611606 4.499077 2.377826
v -0.611606 4.499077 2.377826
v -0.611606 4.499077 2.377826
v -0.870376 3.691504 1.639094
v -0.870376 3.691504 1.639094
v -0.870376 3.691504 1.639094
v -0.870376 3.691504 1.639094
v 2.069235 3.184823 2.086865
v 2.069235 3.184823 2.086865
v 2.069235 3.184823 2.086865
v 2.069235 3.184823 2.086865
v 1.645299 3.192533 2.117666
v 1.645299 3.192533 2.117666
v 1.645299 3.192533 2.117666
v 1.645299 3.192533 2.117666
v 1.645299 3.192533 2.117666
v -0.628927 4.161236 2.622045
v -0.628927 4.161236 2.622045
v -0.628927 4.161236 2.622045
v -0.628927 4.161236 2.622045
v -1.776818 4.364285 2.662904
v -1.776818 4.364285 2.662904
v -1.776818 4.364285 2.662904
v -1.656982 3.828351 0.648222
v -1.656982 3.828351 0.648222
v -1.656982 3.828351 0.648222
v -1.656982 3.828351 0.648222
v -1.150807 4.670769 1.336153
v -1.150807 4.670769 1.336153
v -1.150807 4.670769 1.336153
v -1.150807 4.670769 1.336153
v -1.150807 4.670769 1.336153
v -1.858350 3.880443 2.476728
v -1.858350 3.880443 2.476728
v -1.858350 3.880443 2.476728
v -1.858350 3.880443 2.476728
v -1.858350 3.880443 2.476728
v -1.480179 3.679725 2.103744
v -1.480179 3.679725 2.103744
v -1.480179 3.679725 2.103744
v -1.480179 3.679725 2.103744
v -1.480179 3.679725 2.103744
v -1.480179 3.679725 2.103744
v -1.480179 3.679725 2.103744
v -1.139005 4.839438 2.057259
v -1.139005 4.839438 2.057259
v -1.139005 4.839438 2.057259
v -1.139005 4.839438 2.057259
v -1.139005 4.839438 2.057259
v -1.139005 4.839438 2.057259
v -1.492803 4.573947 2.374997
v -1.492803 4.573947 2.374997
v -1.492803 4.573947 2.374997
v -1.492803 4.573947 2.374997
v -1.492803 4.573947 2.374997
v 2.029186 3.396026 2.261863
v 2.029186 3.396026 2.261863
v 2.029186 3.396026 2.261863
v -0.438456 4.225976 2.166253
v -0.438456 4.225976 2.166253
v -0.438456 4.225976 2.166253
v -0.438456 4.225976 2.166253
v -0.438456 4.225976 2.166253
v 1.555290 3.753793 -0.734902
v 1.555290 3.753793 -0.734902
v 1.555290 3.753793 -0.734902
v 1.555290 3.753793 -0.734902
v 1.555290 3.753793 -0.734902
v -1.415936 2.890901 -1.900357
v -1.415936 2.890901 -1.900357
v -1.415936 2.890901 -1.900357
v -1.415936 2.890901 -1.900357
v -1.712156 3.043302 -2.298475
v -1.712156 3.043302 -2.298475
v -1.712156 3.043302 -2.298475
v -1.712156 3.043302 -2.298475
v -1.712156 3.043302 -2.298475
v 2.135717 4.388040 -1.273435
v 2.135717 4.388040 -1.273435
v 2.135717 4.388040 -1.273435
v 2.135717 4.388040 -1.273435
v 1.241277 3.845287 -1.695568
v 1.241277 3.845287 -1.695568
v 1.241277 3.845287 -1.695568
v 1.241277 3.845287 -1.695568
v 1.241277 3.845287 -1.695568
v 1.365404 3.408239 -2.291570
v 1.365404 3.408239 -2.291570
v 1.365404 3.408239 -2.291570
v -1.213478 2.875699 -2.413208
v -1.213478 2.875699 -2.413208
v -1.213478 2.875699 -2.413208
v -1.213478 2.875699 -2.413208
v -1.746263 3.223000 -2.382713
v -1.746263 3.223000 -2.382713
v -1.746263 3.223000 -2.382713
v -1.746263 3.223000 -2.382713
v 1.824984 4.922702 -0.282494
v 1.824984 4.922702 -0.282494
v 1.824984 4.922702 -0.282494
v 1.824984 4.922702 -0.282494
v 1.824984 4.922702 -0.282494
v 1.824984 4.922702 -0.282494
v 2.659946 3.864925 0.026096
v 2.659946 3.864925 0.026096
v 2.659946 3.864925 0.026096
v 2.659946 3.864925 0.026096
v 2.659946 3.864925 0.026096
v 2.659946 3.864925 0.026096
v 2.942786 3.346539 0.070807
v 2.942786 3.346539 0.070807
v 2.942786 3.346539 0.070807
v 2.942786 3.346539 0.070807
v 2.942786 3.346539 0.070807
v 2.942786 3.346539 0.070807
v 2.151206 4.070443 -1.558765
v 2.151206 4.070443 -1.558765
v 2.151206 4.070443 -1.558765
v 2.151206 4.070443 -1.558765
v 2.151206 4.070443 -1.558765
v 2.488353 3.385219 1.596024
v 2.488353 3.385219 1.596024
v 2.488353 3.385219 1.596024
v 2.488353 3.385219 1.596024
v 2.488353 3.385219 1.596024
v 1.936375 3.431759 1.275695
v 1.936375 3.431759 1.275695
v 1.936375 3.431759 1.275695
v 1.936375 3.431759 1.275695
v 1.936375 3.431759 1.275695
v 1.936375 3.431759 1.275695
v 2.032534 4.399662 -0.897521
v 2.032534 4.399662 -0.897521
v 2.032534 4.399662 -0.897521
v 2.032534 4.399662 -0.897521
v 2.032534 4.399662 -0.897521
v 3.020851 3.146567 0.800257
v 3.020851 3.146567 0.800257
v 3.020851 3.146567 0.800257
v 3.020851 3.146567 0.800257
v 3.020851 3.146567 0.800257
v 3.144898 3.427855 0.932702
v 3.144898 3.427855 0.932702
v 3.144898 3.427855 0.932702
v 3.144898 3.427855 0.932702
v 1.381295 3.777785 0.847308
v 1.381295 3.777785 0.847308
v 1.381295 3.777785 0.847308
v 1.113340 3.808707 0.940220
v 1.113340 3.808707 0.940220
v 1.113340 3.808707 0.940220
v 1.113340 3.808707 0.940220
v 1.113340 3.808707 0.940220
v 2.310692 4.442973 -0.158826
v 2.310692 4.442973 -0.158826
v 2.310692 4.442973 -0.158826
v 2.310692 4.442973 -0.158826
v 2.267976 3.657293 2.047329
v 2.267976 3.657293 2.047329
v 2.267976 3.657293 2.047329
v 2.267976 3.657293 2.047329
v 2.267976 3.657293 2.047329
v 1.772795 3.554994 2.255110
v 1.772795 3.554994 2.255110
v 1.772795 3.554994 2.255110
v 1.772795 3.554994 2.255110
v 1.772795 3.554994 2.255110
v 2.000314 3.621234 0.576753
v 2.000314 3.621234 0.576753
v 2.000314 3.621234 0.576753
v 2.000314 3.621234 0.576753
v 2.000314 3.621234 0.576753
v 2.000314 3.621234 0.576753
v 2.198472 3.611467 0.901385
v 2.198472 3.611467 0.901385
v 2.198472 3.611467 0.901385
v 2.198472 3.611467 0.901385
v 2.198472 3.611467 0.901385
v 2.808205 3.883098 0.772277
v 2.808205 3.883098 0.772277
v 2.808205 3.883098 0.772277
v 2.808205 3.883098 0.772277
v 2.808205 3.883098 0.772277
v 3.256263 3.827200 0.628572
v 3.256263 3.827200 0.628572
v 3.256263 3.827200 0.628572
v 3.256263 3.827200 0.628572
v 1.186383 3.456966 1.569916
v 1.186383 3.456966 1.569916
v 1.186383 3.456966 1.569916
v 1.186383 3.456966 1.569916
v 1.186383 3.456966 1.569916
v 0.915526 3.464365 1.300838
v 0.915526 3.464365 1.300838
v 0.915526 3.464365 1.300838
v 0.915526 3.464365 1.300838
v 0.915526 3.464365 1.300838
v 2.798075 3.243693 0.354418
v 2.798075 3.243693 0.354418
v 2.798075 3.243693 0.354418
v 2.798075 3.243693 0.354418
v 2.343304 3.665271 1.229043
v 2.343304 3.665271 1.229043
v 2.343304 3.665271 1.229043
v 2.343304 3.665271 1.229043
v 2.343304 3.665271 1.229043
v 2.458628 3.027416 0.389486
v 2.458628 3.027416 0.389486
v 2.458628 3.027416 0.389486
v 2.458628 3.027416 0.389486
v 1.356188 4.738887 1.644902
v 1.356188 4.738887 1.644902
v 1.356188 4.738887 1.644902
v 1.356188 4.738887 1.644902
v 1.356188 4.738887 1.644902
v 1.356188 4.738887 1.644902
v 1.324634 4.262553 1.912163
v 1.324634 4.262553 1.912163
v 1.324634 4.262553 1.912163
v 1.324634 4.262553 1.912163
v 1.324634 4.262553 1.912163
v 1.029170 4.599217 1.372101
v 1.029170 4.599217 1.372101
v 1.029170 4.599217 1.372101
v 1.029170 4.599217 1.372101
v 1.000413 4.479281 1.698837
v 1.000413 4.479281 1.698837
v 1.000413 4.479281 1.698837
v 1.000413 4.479281 1.698837
v 1.000413 4.479281 1.698837
v 1.000413 4.479281 1.698837
v 2.517128 3.948274 1.054735
v 2.517128 3.948274 1.054735
v 2.517128 3.948274 1.054735
v 2.517128 3.948274 1.054735
v 2.517128 3.948274 1.054735
v 2.761165 4.172923 0.563440
v 2.761165 4.172923 0.563440
v 2.761165 4.172923 0.563440
v 2.761165 4.172923 0.563440
v 2.761165 4.172923 0.563440
v 2.761165 4.172923 0.563440
v 2.611673 3.234873 0.794062
v 2.611673 3.234873 0.794062
v 2.611673 3.234873 0.794062
v 2.611673 3.234873 0.794062
v 2.611673 3.234873 0.794062
v 2.611673 3.234873 0.794062
v 2.550733 3.550465 0.840862
v 2.550733 3.550465 0.840862
v 2.550733 3.550465 0.840862
v 2.550733 3.550465 0.840862
v 2.550733 3.550465 0.840862
v 2.048126 4.591105 1.494863
v 2.048126 4.591105 1.494863
v 2.048126 4.591105 1.494863
v 2.048126 4.591105 1.494863
v 2.048126 4.591105 1.494863
v 1.310254 4.041610 0.261180
v 1.310254 4.041610 0.261180
v 1.310254 4.041610 0.261180
v 1.310254 4.041610 0.261180
v 1.310254 4.041610 0.261180
v 1.310254 4.041610 0.261180
v 1.310254 4.041610 0.261180
v 1.127994 3.727623 0.572714
v 1.127994 3.727623 0.572714
v 1.127994 3.727623 0.572714
v 1.127994 3.727623 0.572714
v 1.127994 3.727623 0.572714
v 2.337359 4.126287 1.328742
v 2.337359 4.126287 1.328742
v 2.337359 4.126287 1.328742
v 2.337359 4.126287 1.328742
v 2.337359 4.126287 1.328742
v 2.337359 4.126287 1.328742
v 2.337359 4.126287 1.328742
v 0.758294 4.424192 1.096810
v 0.758294 4.424192 1.096810
v 0.758294 4.424192 1.096810
v 0.758294 4.424192 1.096810
v 0.758294 4.424192 1.096810
v 0.758294 4.424192 1.096810
v 0.772612 4.626294 1.365501
v 0.772612 4.626294 1.365501
v 0.772612 4.626294 1.365501
v 0.772612 4.626294 1.365501
v 0.772612 4.626294 1.365501
v 0.772612 4.626294 1.365501
v 2.102097 4.213852 1.698678
v 2.102097 4.213852 1.698678
v 2.102097 4.213852 1.698678
v 2.102097 4.213852 1.698678
v 2.102097 4.213852 1.698678
v 2.102097 4.213852 1.698678
v 2.102097 4.213852 1.698678
v 2.261424 3.556438 0.143796
v 2.261424 3.556438 0.143796
v 2.261424 3.556438 0.143796
v 2.261424 3.556438 0.143796
v 2.261424 3.556438 0.143796
v 1.949282 3.810005 0.033865
v 1.949282 3.810005 0.033865
v 1.949282 3.810005 0.033865
v 1.949282 3.810005 0.033865
v 1.949282 3.810005 0.033865
v 1.949282 3.810005 0.033865
v 1.949282 3.810005 0.033865
v 0.962317 4.039652 0.688236
v 0.962317 4.039652 0.688236
v 0.962317 4.039652 0.688236
v 0.962317 4.039652 0.688236
v 0.962317 4.039652 0.688236
v 0.962317 4.039652 0.688236
v 0.962317 4.039652 0.688236
v 1.115676 4.101286 0.567136
v 1.115676 4.101286 0.567136
v 1.115676 4.101286 0.567136
v 1.469861 4.606479 0.750523
v 1.469861 4.606479 0.750523
v 1.469861 4.606479 0.750523
v 1.469861 4.606479 0.750523
v 1.469861 4.606479 0.750523
v 1.469861 4.606479 0.750523
v 1.721260 4.669840 0.645739
v 1.721260 4.669840 0.645739
v 1.721260 4.669840 0.645739
v 1.721260 4.669840 0.645739
v 1.721260 4.669840 0.645739
v 1.663512 3.135323 1.600291
v 1.663512 3.135323 1.600291
v 1.663512 3.135323 1.600291
v 1.663512 3.135323 1.600291
v 1.513329 3.528724 1.280466
v 1.513329 3.528724 1.280466
v 1.513329 3.528724 1.280466
v 1.513329 3.528724 1.280466
v 1.513329 3.528724 1.280466
v 1.513329 3.528724 1.280466
v 1.513329 3.528724 1.280466
v 2.517756 4.258959 0.108572
v 2.517756 4.258959 0.108572
v 2.517756 4.258959 0.108572
v 2.517756 4.258959 0.108572
v 2.517756 4.258959 0.108572
v 2.517756 4.258959 0.108572
v 1.663833 3.678363 0.698400
v 1.663833 3.678363 0.698400
v 1.663833 3.678363 0.698400
v 1.663833 3.678363 0.698400
v 1.663833 3.678363 0.698400
v 1.663833 3.678363 0.698400
v 2.220898 4.150086 -0.174994
v 2.220898 4.150086 -0.174994
v 2.220898 4.150086 -0.174994
v 2.220898 4.150086 -0.174994
v 2.220898 4.150086 -0.174994
v 1.020723 4.236268 2.036823
v 1.020723 4.236268 2.036823
v 1.020723 4.236268 2.036823
v 1.020723 4.236268 2.036823
v 1.020723 4.236268 2.036823
v 1.020723 4.236268 2.036823
v 1.760387 3.072382 1.886317
v 1.760387 3.072382 1.886317
v 1.760387 3.072382 1.886317
v 1.760387 3.072382 1.886317
v 1.760387 3.072382 1.886317
v 0.840507 4.145198 1.012411
v 0.840507 4.145198 1.012411
v 0.840507 4.145198 1.012411
v 0.840507 4.145198 1.012411
v 0.840507 4.145198 1.012411
v 0.545519 3.769982 1.281127
v 0.545519 3.769982 1.281127
v 0.545519 3.769982 1.281127
v 0.545519 3.769982 1.281127
v 0.545519 3.769982 1.281127
v 0.545519 3.769982 1.281127
v 0.545519 3.769982 1.281127
v 1.262436 4.484294 0.587024
v 1.262436 4.484294 0.587024
v 1.262436 4.484294 0.587024
v 1.262436 4.484294 0.587024
v 1.262436 4.484294 0.587024
v 1.431317 3.684557 0.457134
v 1.431317 3.684557 0.457134
v 1.431317 3.684557 0.457134
v -0.421327 5.504882 1.636802
v -0.421327 5.504882 1.636802
v -0.421327 5.504882 1.636802
v -0.421327 5.504882 1.636802
v 1.224766 4.832082 1.321965
v 1.224766 4.832082 1.321965
v 1.224766 4.832082 1.321965
v 1.224766 4.832082 1.321965
v 1.224766 4.832082 1.321965
v 0.903342 4.843819 1.135173
v 0.903342 4.843819 1.135173
v 0.903342 4.843819 1.135173
v 0.903342 4.843819 1.135173
v 0.903342 4.843819 1.135173
v 2.523352 3.240153 0.181367
v 2.523352 3.240153 0.181367
v 2.523352 3.240153 0.181367
v 2.523352 3.240153 0.181367
v 0.923664 3.868915 1.051229
v 0.923664 3.868915 1.051229
v 0.923664 3.868915 1.051229
v 0.923664 3.868915 1.051229
v 1.959055 3.615085 0.364473
v 1.959055 3.615085 0.364473
v 1.959055 3.615085 0.364473
v 1.959055 3.615085 0.364473
v 1.959055 3.615085 0.364473
v 1.959055 3.615085 0.364473
v 2.116605 3.126437 0.499935
v 2.116605 3.126437 0.499935
v 2.116605 3.126437 0.499935
v 2.116605 3.126437 0.499935
v 2.155682 3.133398 0.280853
v 2.155682 3.133398 0.280853
v 2.155682 3.133398 0.280853
v 2.155682 3.133398 0.280853
v 2.155682 3.133398 0.280853
v 0.649323 4.290536 2.204440
v 0.649323 4.290536 2.204440
v 0.649323 4.290536 2.204440
v 0.649323 4.290536 2.204440
v 0.649323 4.290536 2.204440
v 0.764483 4.548817 2.088544
v 0.764483 4.548817 2.088544
v 0.764483 4.548817 2.088544
v 0.764483 4.548817 2.088544
v 0.764483 4.548817 2.088544
v 1.121990 5.001435 0.938240
v 1.121990 5.001435 0.938240
v 1.121990 5.001435 0.938240
v 1.121990 5.001435 0.938240
v 1.121990 5.001435 0.938240
v 1.330611 3.354003 1.664152
v 1.330611 3.354003 1.664152
v 1.330611 3.354003 1.664152
v 1.330611 3.354003 1.664152
v 1.330611 3.354003 1.664152
v 0.105671 3.965807 1.781146
v 0.105671 3.965807 1.781146
v 0.105671 3.965807 1.781146
v 0.105671 3.965807 1.781146
v 0.105671 3.965807 1.781146
v 0.105671 3.965807 1.781146
v -0.021970 4.219210 2.083661
v -0.021970 4.219210 2.083661
v -0.021970 4.219210 2.083661
v -0.021970 4.219210 2.083661
v -0.021970 4.219210 2.083661
v -0.021970 4.219210 2.083661
v 0.551765 3.477445 1.791736
v 0.551765 3.477445 1.791736
v 0.551765 3.477445 1.791736
v 0.551765 3.477445 1.791736
v 0.551765 3.477445 1.791736
v 0.551765 3.477445 1.791736
v 0.551765 3.477445 1.791736
v 1.597924 4.564923 1.801370
v 1.597924 4.564923 1.801370
v 1.597924 4.564923 1.801370
v 2.564693 3.719098 1.745644
v 2.564693 3.719098 1.745644
v 2.564693 3.719098 1.745644
v 2.564693 3.719098 1.745644
v 2.564693 3.719098 1.745644
v 3.280666 3.548132 0.312734
v 3.280666 3.548132 0.312734
v 3.280666 3.548132 0.312734
v 3.280666 3.548132 0.312734
v 3.280666 3.548132 0.312734
v 3.125344 3.694546 0.091498
v 3.125344 3.694546 0.091498
v 3.125344 3.694546 0.091498
v 1.417761 3.864172 1.945945
v 1.417761 3.864172 1.945945
v 1.417761 3.864172 1.945945
v 1.417761 3.864172 1.945945
v 1.417761 3.864172 1.945945
v 1.313336 3.612959 1.912682
v 1.313336 3.612959 1.912682
v 1.313336 3.612959 1.912682
v 1.313336 3.612959 1.912682
v 1.313336 3.612959 1.912682
v 2.360423 3.328323 1.943790
v 2.360423 3.328323 1.943790
v 2.360423 3.328323 1.943790
v 2.360423 3.328323 1.943790
v 2.272657 3.459983 0.695071
v 2.272657 3.459983 0.695071
v 2.272657 3.459983 0.695071
v 2.272657 3.459983 0.695071
v 0.015232 3.906566 2.226363
v 0.015232 3.906566 2.226363
v 0.015232 3.906566 2.226363
v 0.015232 3.906566 2.226363
v 0.015232 3.906566 2.226363
v 0.015232 3.906566 2.226363
v 3.215872 3.920102 0.335290
v 3.215872 3.920102 0.335290
v 3.215872 3.920102 0.335290
v 3.215872 3.920102 0.335290
v 3.215872 3.920102 0.335290
v 2.798231 3.260513 1.176615
v 2.798231 3.260513 1.176615
v 2.798231 3.260513 1.176615
v 2.798231 3.260513 1.176615
v 0.860236 4.838243 0.816094
v 0.860236 4.838243 0.816094
v 0.860236 4.838243 0.816094
v 0.860236 4.838243 0.816094
v 0.860236 4.838243 0.816094
v 0.465486 4.847986 2.080284
v 0.465486 4.847986 2.080284
v 0.465486 4.847986 2.080284
v 0.465486 4.847986 2.080284
v 0.465486 4.847986 2.080284
v 0.465486 4.847986 2.080284
v 0.469389 4.945620 1.720354
v 0.469389 4.945620 1.720354
v 0.469389 4.945620 1.720354
v 0.469389 4.945620 1.720354
v 0.469389 4.945620 1.720354
v 0.931795 3.621333 1.957961
v 0.931795 3.621333 1.957961
v 0.931795 3.621333 1.957961
v 0.931795 3.621333 1.957961
v 0.931795 3.621333 1.957961
v 0.931795 3.621333 1.957961
v 0.931795 3.621333 1.957961
v 0.111129 4.757702 1.930684
v 0.111129 4.757702 1.930684
v 0.111129 4.757702 1.930684
v 0.111129 4.757702 1.930684
v 0.744901 3.981446 2.315759
v 0.744901 3.981446 2.315759
v 0.744901 3.981446 2.315759
v 0.744901 3.981446 2.315759
v 0.744901 3.981446 2.315759
v 0.633002 3.423497 2.192085
v 0.633002 3.423497 2.192085
v 0.633002 3.423497 2.192085
v 0.633002 3.423497 2.192085
v 0.633002 3.423497 2.192085
v 0.238696 3.539915 2.238682
v 0.238696 3.539915 2.238682
v 0.238696 3.539915 2.238682
v 0.238696 3.539915 2.238682
v 0.118530 4.827306 1.741548
v 0.118530 4.827306 1.741548
v 0.118530 4.827306 1.741548
v 0.118530 4.827306 1.741548
v 0.174923 3.870070 2.695228
v 0.174923 3.870070 2.695228
v 0.174923 3.870070 2.695228
v 0.174923 3.870070 2.695228
v 0.174923 3.870070 2.695228
v 0.174923 3.870070 2.695228
v 0.029928 4.348797 2.417422
v 0.029928 4.348797 2.417422
v 0.029928 4.348797 2.417422
v 0.029928 4.348797 2.417422
v 0.029928 4.348797 2.417422
v -0.196340 4.759723 1.637751
v -0.196340 4.759723 1.637751
v -0.196340 4.759723 1.637751
v -0.196340 4.759723 1.637751
v -0.196340 4.759723 1.637751
v 0.146038 4.390916 2.070348
v 0.146038 4.390916 2.070348
v 0.146038 4.390916 2.070348
v 0.146038 4.390916 2.070348
v 0.146038 4.390916 2.070348
v 0.477606 4.472240 2.190159
v 0.477606 4.472240 2.190159
v 0.477606 4.472240 2.190159
v 0.477606 4.472240 2.190159
v 0.477606 4.472240 2.190159
v -0.074200 4.122425 2.345125
v -0.074200 4.122425 2.345125
v -0.074200 4.122425 2.345125
v 0.019618 4.018757 1.377596
v 0.019618 4.018757 1.377596
v 0.019618 4.018757 1.377596
v 0.738867 4.854588 1.951747
v 0.738867 4.854588 1.951747
v 0.738867 4.854588 1.951747
v 0.738867 4.854588 1.951747
v -0.271523 4.513408 1.402245
v -0.271523 4.513408 1.402245
v -0.271523 4.513408 1.402245
v -0.271523 4.513408 1.402245
v -0.281763 4.207695 1.573678
v -0.281763 4.207695 1.573678
v -0.281763 4.207695 1.573678
v -0.281763 4.207695 1.573678
v 0.313438 4.322132 2.545928
v 0.313438 4.322132 2.545928
v 0.313438 4.322132 2.545928
v 0.313438 4.322132 2.545928
v 1.498457 4.751777 1.200165
v 1.498457 4.751777 1.200165
v 1.498457 4.751777 1.200165
v 0.221115 4.545130 1.197516
v 0.221115 4.545130 1.197516
v 0.221115 4.545130 1.197516
v 0.221115 4.545130 1.197516
v 0.221115 4.545130 1.197516
v 0.221115 4.545130 1.197516
v 0.221115 4.545130 1.197516
v -1.222973 4.115584 2.750580
v -1.222973 4.115584 2.750580
v -1.222973 4.115584 2.750580
v -1.222973 4.115584 2.750580
v -1.222973 4.115584 2.750580
v -1.222973 4.115584 2.750580
v -1.222973 4.115584 2.750580
v -0.649747 4.613193 1.321956
v -0.649747 4.613193 1.321956
v -0.649747 4.613193 1.321956
v -0.649747 4.613193 1.321956
v -0.726633 3.931635 1.468063
v -0.726633 3.931635 1.468063
v -0.726633 3.931635 1.468063
v -1.204564 4.395992 2.299289
v -1.204564 4.395992 2.299289
v -1.204564 4.395992 2.299289
v -1.204564 4.395992 2.299289
v -1.554517 3.708039 1.208860
v -1.554517 3.708039 1.208860
v -1.554517 3.708039 1.208860
v 0.747210 3.339887 2.677170
v 0.747210 3.339887 2.677170
v 0.747210 3.339887 2.677170
v 0.747210 3.339887 2.677170
v 0.860385 3.641502 2.253716
v 0.860385 3.641502 2.253716
v 0.860385 3.641502 2.253716
v 0.860385 3.641502 2.253716
v 0.487643 4.498684 1.203211
v 0.487643 4.498684 1.203211
v 0.487643 4.498684 1.203211
v 0.536470 3.669799 2.964321
v 0.536470 3.669799 2.964321
v 0.536470 3.669799 2.964321
v 0.536470 3.669799 2.964321
v 0.451585 3.978733 2.688232
v 0.451585 3.978733 2.688232
v 0.451585 3.978733 2.688232
v 0.451585 3.978733 2.688232
v 0.451585 3.978733 2.688232
v 0.147435 3.463752 2.823062
v 0.147435 3.463752 2.823062
v 0.147435 3.463752 2.823062
v 0.147435 3.463752 2.823062
v 0.147435 3.463752 2.823062
v 0.859803 3.608039 2.780321
v 0.859803 3.608039 2.780321
v 0.859803 3.608039 2.780321
v 0.859803 3.608039 2.780321
v 0.859803 3.608039 2.780321
v 0.038515 4.201781 1.262572
v 0.038515 4.201781 1.262572
v 0.038515 4.201781 1.262572
v 0.038515 4.201781 1.262572
v 0.038515 4.201781 1.262572
v -0.305232 4.591477 1.975490
v -0.305232 4.591477 1.975490
v -0.305232 4.591477 1.975490
v -0.305232 4.591477 1.975490
v -0.417994 4.327529 1.816508
v -0.417994 4.327529 1.816508
v -0.417994 4.327529 1.816508
v -0.417994 4.327529 1.816508
v -0.417994 4.327529 1.816508
v 0.432240 4.047367 0.969740
v 0.432240 4.047367 0.969740
v 0.432240 4.047367 0.969740
v 0.432240 4.047367 0.969740
v -0.468437 4.543775 1.607100
v -0.468437 4.543775 1.607100
v -0.468437 4.543775 1.607100
v -0.468437 4.543775 1.607100
v -0.468437 4.543775 1.607100
v -1.085485 3.523778 1.535828
v -1.085485 3.523778 1.535828
v -1.085485 3.523778 1.535828
v -1.085485 3.523778 1.535828
v -1.085485 3.523778 1.535828
v -0.942493 4.552626 1.131877
v -0.942493 4.552626 1.131877
v -0.942493 4.552626 1.131877
v -0.942493 4.552626 1.131877
v -0.937231 3.594364 1.411044
v -0.937231 3.594364 1.411044
v -0.937231 3.594364 1.411044
v -0.937231 3.594364 1.411044
v -0.793077 4.626983 2.226821
v -0.793077 4.626983 2.226821
v -0.793077 4.626983 2.226821
v -0.793077 4.626983 2.226821
v -0.793077 4.626983 2.226821
v -1.063150 4.985742 1.758345
v -1.063150 4.985742 1.758345
v -1.063150 4.985742 1.758345
v -1.063150 4.985742 1.758345
v 1.190238 5.910904 -0.264289
v 1.190238 5.910904 -0.264289
v 1.190238 5.910904 -0.264289
v 1.190238 5.910904 -0.264289
v 0.954074 6.058761 -0.336100
v 0.954074 6.058761 -0.336100
v 0.954074 6.058761 -0.336100
v 0.954074 6.058761 -0.336100
v -1.059672 2.880476 -2.158828
v -1.059672 2.880476 -2.158828
v -1.059672 2.880476 -2.158828
v -1.059672 2.880476 -2.158828
v -0.435129 -0.203890 -0.005158
v -0.435129 -0.203890 -0.005158
v -0.476519 -0.155840 0.026127
v -0.476519 -0.155840 0.026127
v -0.427579 -0.205415 0.068034
v -0.427579 -0.205415 0.068034
v 0.308008 0.110861 0.223778
v 0.308008 0.110861 0.223778
v 0.308008 0.110861 0.223778
v 0.308008 0.110861 0.223778
v 0.308008 0.110861 0.223778
v 0.308008 0.110861 0.223778
v -0.117646 0.110861 0.362084
v -0.117646 0.110861 0.362084
v -0.117646 0.110861 0.362084
v -0.117646 0.110861 0.362084
v -0.117646 0.110861 0.362084
v -0.117646 0.110861 0.362084
v -0.238707 -0.337239 -0.631219
v -0.238707 -0.337239 -0.631219
v -0.117646 0.110860 -0.362084
v -0.117646 0.110860 -0.362084
v -0.117646 0.110860 -0.362084
v -0.117646 0.110860 -0.362084
v -0.117646 0.110860 -0.362084
v -0.117646 0.110860 -0.362084
v 0.099780 -0.076973 0.228247
v 0.099780 -0.076973 0.228247
v 0.099780 -0.076973 0.228247
v 0.099780 -0.076973 0.228247
v 0.099780 -0.076973 0.228247
v 0.099780 -0.076973 0.228247
v -0.380721 0.110861 -0.000000
v -0.380721 0.110861 -0.000000
v -0.380721 0.110861 -0.000000
v -0.380721 0.110861 -0.000000
v -0.380721 0.110861 -0.000000
v -0.380721 0.110861 -0.000000
v -0.216155 -0.080192 -0.124391
v -0.216155 -0.080192 -0.124391
v -0.216155 -0.080192 -0.124391
v -0.216155 -0.080192 -0.124391
v -0.216155 -0.080192 -0.124391
v -0.216155 -0.080192 -0.124391
v -0.216155 -0.080192 -0.124391
v -0.270409 -0.398723 -0.554726
v -0.270409 -0.398723 -0.554726
v 0.246464 0.290047 0.024685
v 0.246464 0.290047 0.024685
v 0.246464 0.290047 0.024685
v 0.246464 0.290047 0.024685
v 0.246464 -0.065175 -0.024685
v 0.246464 -0.065175 -0.024685
v 0.246464 -0.065175 -0.024685
v 0.246464 -0.065175 -0.024685
v 0.246464 -0.065175 -0.024685
v 0.246464 -0.065175 -0.024685
v 0.051201 0.292037 0.242628
v 0.051201 0.292037 0.242628
v 0.051201 0.292037 0.242628
v 0.051201 0.292037 0.242628
v -0.216155 0.305064 0.124391
v -0.216155 0.305064 0.124391
v -0.216155 0.305064 0.124391
v -0.216155 0.305064 0.124391
v -0.186132 0.311125 -0.166624
v -0.186132 0.311125 -0.166624
v -0.186132 0.311125 -0.166624
v -0.186132 0.311125 -0.166624
v -0.186132 -0.086253 0.166624
v -0.186132 -0.086253 0.166624
v -0.186132 -0.086253 0.166624
v -0.186132 -0.086253 0.166624
v -0.186132 -0.086253 0.166624
v -0.186132 -0.086253 0.166624
v -0.186132 -0.086253 0.166624
v 0.099780 0.301844 -0.228247
v 0.099780 0.301844 -0.228247
v 0.099780 0.301844 -0.228247
v 0.099780 0.301844 -0.228247
v 0.140319 2.631999 0.282166
v 0.140319 2.631999 0.282166
v 0.140319 2.631999 0.282166
v 0.140319 2.631999 0.282166
v 0.140319 2.631999 0.282166
v -0.075705 2.649373 -0.090342
v -0.075705 2.649373 -0.090342
v -0.075705 2.649373 -0.090342
v -0.075705 2.649373 -0.090342
v -0.103032 2.643856 0.174545
v -0.103032 2.643856 0.174545
v -0.103032 2.643856 0.174545
v -0.103032 2.643856 0.174545
v 0.318050 2.630188 0.083791
v 0.318050 2.630188 0.083791
v 0.318050 2.630188 0.083791
v 0.318050 2.630188 0.083791
v 0.318050 2.630188 0.083791
v 0.184536 2.640926 -0.146432
v 0.184536 2.640926 -0.146432
v 0.184536 2.640926 -0.146432
v 0.184536 2.640926 -0.146432
v 0.184536 2.640926 -0.146432
v 0.308008 0.110860 -0.223778
v 0.308008 0.110860 -0.223778
v 0.308008 0.110860 -0.223778
v 0.308008 0.110860 -0.223778
v 0.308008 0.110860 -0.223778
v 0.308008 0.110860 -0.223778
v -0.184369 -0.394531 -0.592776
v -0.184369 -0.394531 -0.592776
v 0.051201 -0.067165 -0.242628
v 0.051201 -0.067165 -0.242628
v 0.051201 -0.067165 -0.242628
v 0.051201 -0.067165 -0.242628
v 0.051201 -0.067165 -0.242628
v 0.051201 -0.067165 -0.242628
v 0.004840 -0.176916 -0.003167
v 0.004840 -0.176916 -0.003167
v 0.004840 -0.176916 -0.003167
v 0.004840 -0.176916 -0.003167
v 0.004840 -0.176916 -0.003167
v -0.363720 -0.132460 0.462065
v -0.363720 -0.132460 0.462065
v -0.281739 -0.203283 0.411602
v -0.281739 -0.203283 0.411602
v -0.389543 -0.206782 0.388366
v -0.389543 -0.206782 0.388366
v 0.600800 -0.085556 0.391207
v 0.600800 -0.085556 0.391207
v 0.660799 -0.061986 0.342470
v 0.660799 -0.061986 0.342470
v 0.643066 -0.148840 0.354901
v 0.643066 -0.148840 0.354901
v 0.375428 -0.240434 -0.247644
v 0.375428 -0.240434 -0.247644
v 0.399368 -0.171958 -0.325088
v 0.399368 -0.171958 -0.325088
v 0.299474 -0.241208 -0.332420
v 0.299474 -0.241208 -0.332420
v -0.325948 -0.489821 -0.010165
v -0.325948 -0.489821 -0.010165
v -0.318721 -0.491280 0.059889
v -0.318721 -0.491280 0.059889
v -0.272750 -0.513105 0.019016
v -0.272750 -0.513105 0.019016
v 0.098120 2.862309 0.064204
v 0.098120 2.862309 0.064204
v 0.098120 2.862309 0.064204
v 0.098120 2.862309 0.064204
v 0.098120 2.862309 0.064204
v 0.098120 2.862309 0.064204
v 0.098120 2.862309 0.064204
v 0.098120 2.862309 0.064204
v 1.427499 2.986655 1.061201
v 1.427499 2.986655 1.061201
v 1.427499 2.986655 1.061201
v 1.295118 2.988004 1.208959
v 1.295118 2.988004 1.208959
v 1.295118 2.988004 1.208959
v 1.263686 3.159548 1.046612
v 1.263686 3.159548 1.046612
v 1.263686 3.159548 1.046612
v -0.309154 3.874089 -1.465582
v -0.309154 3.874089 -1.465582
v -0.309154 3.874089 -1.465582
v -0.093521 3.867090 -1.512058
v -0.093521 3.867090 -1.512058
v -0.093521 3.867090 -1.512058
v -0.165124 4.050526 -1.337527
v -0.165124 4.050526 -1.337527
v -0.165124 4.050526 -1.337527
v -0.467813 3.215475 1.455170
v -0.467813 3.215475 1.455170
v -0.467813 3.215475 1.455170
v -0.467813 3.215475 1.455170
v -0.711165 3.227332 1.347548
v -0.711165 3.227332 1.347548
v -0.711165 3.227332 1.347548
v -0.711165 3.227332 1.347548
v -0.510012 3.370325 1.237208
v -0.510012 3.370325 1.237208
v -0.510012 3.370325 1.237208
v -0.510012 3.370325 1.237208
v -0.510012 3.370325 1.237208
v -0.622344 3.184544 1.184093
v -0.622344 3.184544 1.184093
v -0.622344 3.184544 1.184093
v -0.622344 3.184544 1.184093
v -0.452265 3.357354 1.125577
v -0.452265 3.357354 1.125577
v -0.452265 3.357354 1.125577
v -0.452265 3.357354 1.125577
v -0.452265 3.357354 1.125577
v -0.359751 3.125203 1.246733
v -0.359751 3.125203 1.246733
v -0.359751 3.125203 1.246733
v -0.359751 3.125203 1.246733
v 0.660827 4.461054 -0.375494
v 0.660827 4.461054 -0.375494
v 0.660827 4.461054 -0.375494
v 0.783198 4.451212 -0.164485
v 0.783198 4.451212 -0.164485
v 0.783198 4.451212 -0.164485
v 0.581623 4.663961 -0.182437
v 0.581623 4.663961 -0.182437
v 0.581623 4.663961 -0.182437
v 0.411291 4.029260 -0.095548
v 0.437764 3.608628 -0.268217
v 0.437764 3.608628 -0.268217
v 0.437764 3.608628 -0.268217
v 0.619332 3.809687 -0.077020
v 0.619332 3.809687 -0.077020
v 0.619332 3.809687 -0.077020
v -0.859477 3.932321 2.262592
v -0.859477 3.932321 2.262592
v -0.981758 3.938279 2.208513
v -0.981758 3.938279 2.208513
v -0.880682 4.048048 2.153069
v -0.880682 4.048048 2.153069
v -0.621087 4.821646 -1.829479
v -0.621087 4.821646 -1.829479
v -0.495367 4.817565 -1.856576
v -0.495367 4.817565 -1.856576
v -0.537113 4.924513 -1.754819
v -0.537113 4.924513 -1.754819
v 1.098450 4.870326 -0.570695
v 1.098450 4.870326 -0.570695
v 1.186300 4.863261 -0.419211
v 1.186300 4.863261 -0.419211
v 1.041590 5.015992 -0.432099
v 1.041590 5.015992 -0.432099
v 0.355183 3.820187 -0.066926
v 0.493035 3.819845 -0.294798
v 0.493035 3.819845 -0.294798
v 0.493035 3.819845 -0.294798
v 0.565354 3.598366 -0.048209
v 0.565354 3.598366 -0.048209
v 0.565354 3.598366 -0.048209
v 0.154201 4.105401 1.366447
v 0.154201 4.105401 1.366447
v 0.172560 4.005201 1.461275
v 0.172560 4.005201 1.461275
v 0.201215 4.066127 1.275764
v 0.201215 4.066127 1.275764
v 0.219574 3.965927 1.370592
v 0.219574 3.965927 1.370592
v 1.702900 4.196084 -0.298947
v 1.702900 4.196084 -0.298947
v 1.674469 4.087434 -0.285274
v 1.674469 4.087434 -0.285274
v 1.740101 4.082156 -0.172103
v 1.740101 4.082156 -0.172103
v 1.767867 4.190858 -0.186923
v 1.767867 4.190858 -0.186923
v 1.832081 3.721194 1.362976
v 1.832081 3.721194 1.362976
v 1.740839 3.722123 1.464816
v 1.740839 3.722123 1.464816
v 1.719175 3.840358 1.352920
v 1.719175 3.840358 1.352920
v -1.821171 4.036952 1.077618
v -1.821171 4.036952 1.077618
v -1.910934 3.939470 1.126856
v -1.910934 3.939470 1.126856
v -1.862712 3.899187 1.033843
v -1.862712 3.899187 1.033843
v -1.772949 3.996669 0.984604
v -1.772949 3.996669 0.984604
vt 0.641710 0.961554
vt 0.609808 0.961554
vt 0.641710 0.938060
vt 0.945717 0.327223
vt 0.930704 0.327223
vt 0.945717 0.277299
vt 0.979496 0.221502
vt 0.979496 0.171578
vt 0.964483 0.221502
vt 0.540374 0.858769
vt 0.508472 0.882262
vt 0.540374 0.882262
vt 0.506596 0.012995
vt 0.506596 0.062919
vt 0.474694 0.062919
vt 0.964483 0.274362
vt 0.979496 0.274362
vt 0.979496 0.224438
vt 0.574153 0.383021
vt 0.542251 0.432945
vt 0.574153 0.432945
vt 0.810603 0.644388
vt 0.778701 0.644388
vt 0.810603 0.594464
vt 0.979496 0.330160
vt 0.979496 0.380084
vt 0.964483 0.380084
vt 0.964483 0.485806
vt 0.979496 0.435882
vt 0.979496 0.485806
vt 0.945717 0.062919
vt 0.930704 0.062919
vt 0.945717 0.012995
vt 0.508472 0.380084
vt 0.540374 0.330160
vt 0.540374 0.380084
vt 0.981372 0.247932
vt 0.996385 0.247932
vt 0.996385 0.224438
vt 0.607931 0.062919
vt 0.576029 0.062919
vt 0.607931 0.012995
vt 0.979496 0.591528
vt 0.979496 0.541603
vt 0.964483 0.591528
vt 0.574153 0.221502
vt 0.542251 0.221502
vt 0.574153 0.171578
vt 0.878160 0.885199
vt 0.846258 0.908693
vt 0.878160 0.908693
vt 0.979496 0.644388
vt 0.979496 0.594464
vt 0.964483 0.644388
vt 0.542251 0.591528
vt 0.574153 0.541603
vt 0.574153 0.591528
vt 0.472817 0.012995
vt 0.440915 0.062919
vt 0.472817 0.062919
vt 0.472817 0.224438
vt 0.440915 0.274362
vt 0.472817 0.274362
vt 0.744922 0.935123
vt 0.776824 0.911629
vt 0.776824 0.935123
vt 0.439039 0.432945
vt 0.439039 0.383021
vt 0.407137 0.432945
vt 0.996385 0.171578
vt 0.996385 0.195071
vt 0.981372 0.195071
vt 0.743046 0.168641
vt 0.711144 0.168641
vt 0.743046 0.118717
vt 0.709267 0.961554
vt 0.677365 0.961554
vt 0.709267 0.938060
vt 0.591042 0.964490
vt 0.576029 0.987984
vt 0.591042 0.987984
vt 0.607931 0.858769
vt 0.607931 0.882262
vt 0.576029 0.882262
vt 0.472817 0.380084
vt 0.472817 0.330160
vt 0.440915 0.380084
vt 0.776824 0.855832
vt 0.744922 0.855832
vt 0.776824 0.832338
vt 0.812479 0.829401
vt 0.844381 0.829401
vt 0.844381 0.805908
vt 0.540374 0.908693
vt 0.508472 0.908693
vt 0.540374 0.885199
vt 0.964483 0.538667
vt 0.979496 0.488743
vt 0.979496 0.538667
vt 0.911938 0.753047
vt 0.896926 0.802971
vt 0.911938 0.802971
vt 0.726156 0.938060
vt 0.726156 0.961554
vt 0.711144 0.961554
vt 0.979496 0.383021
vt 0.979496 0.432945
vt 0.964483 0.432945
vt 0.996385 0.330160
vt 0.981372 0.353654
vt 0.996385 0.353654
vt 0.576029 0.432945
vt 0.607931 0.432945
vt 0.607931 0.383021
vt 0.373358 0.274362
vt 0.405260 0.274362
vt 0.405260 0.224438
vt 0.744922 0.538667
vt 0.776824 0.538667
vt 0.776824 0.488743
vt 0.373358 0.802971
vt 0.405260 0.753047
vt 0.405260 0.802971
vt 0.507847 0.329181
vt 0.539749 0.329181
vt 0.507847 0.379105
vt 0.472817 0.168641
vt 0.472817 0.118717
vt 0.440915 0.168641
vt 0.439039 0.938060
vt 0.407137 0.961554
vt 0.439039 0.961554
vt 0.880036 0.591528
vt 0.895049 0.591528
vt 0.895049 0.541603
vt 0.373358 0.221502
vt 0.405260 0.221502
vt 0.405260 0.171578
vt 0.964483 0.168641
vt 0.979496 0.118717
vt 0.979496 0.168641
vt 0.405260 0.277299
vt 0.405260 0.327223
vt 0.373358 0.327223
vt 0.962606 0.594464
vt 0.962606 0.644388
vt 0.947594 0.644388
vt 0.979496 0.277299
vt 0.964483 0.327223
vt 0.979496 0.327223
vt 0.574153 0.938060
vt 0.542251 0.961554
vt 0.574153 0.961554
vt 0.996385 0.383021
vt 0.981372 0.406515
vt 0.996385 0.406515
vt 0.810603 0.224438
vt 0.810603 0.274362
vt 0.778701 0.274362
vt 0.708642 0.937081
vt 0.676740 0.937081
vt 0.676740 0.960575
vt 0.778701 0.908693
vt 0.810603 0.908693
vt 0.810603 0.885199
vt 0.996385 0.277299
vt 0.981372 0.300793
vt 0.996385 0.300793
vt 0.844381 0.012995
vt 0.812479 0.062919
vt 0.844381 0.062919
vt 0.962606 0.485806
vt 0.962606 0.435882
vt 0.947594 0.485806
vt 0.675489 0.961554
vt 0.643587 0.961554
vt 0.675489 0.938060
vt 0.778701 0.776541
vt 0.810603 0.776541
vt 0.810603 0.753047
vt 0.846258 0.327223
vt 0.878160 0.277299
vt 0.878160 0.327223
vt 0.978870 0.593485
vt 0.963857 0.593485
vt 0.963857 0.643409
vt 0.863147 0.961554
vt 0.878160 0.938060
vt 0.878160 0.961554
vt 0.947594 0.168641
vt 0.962606 0.168641
vt 0.962606 0.118717
vt 0.829369 0.961554
vt 0.844381 0.938060
vt 0.844381 0.961554
vt 0.609808 0.935123
vt 0.641710 0.935123
vt 0.641710 0.911629
vt 0.677365 0.882262
vt 0.709267 0.858769
vt 0.709267 0.882262
vt 0.674863 0.937081
vt 0.642961 0.937081
vt 0.642961 0.960575
vt 0.675489 0.488743
vt 0.675489 0.538667
vt 0.643587 0.538667
vt 0.947594 0.908693
vt 0.962606 0.858769
vt 0.962606 0.908693
vt 0.709267 0.277299
vt 0.709267 0.327223
vt 0.677365 0.327223
vt 0.472817 0.647325
vt 0.472817 0.697249
vt 0.440915 0.697249
vt 0.440915 0.432945
vt 0.472817 0.432945
vt 0.472817 0.383021
vt 0.711144 0.538667
vt 0.743046 0.538667
vt 0.743046 0.488743
vt 0.962606 0.805908
vt 0.962606 0.855832
vt 0.947594 0.855832
vt 0.895049 0.277299
vt 0.895049 0.327223
vt 0.880036 0.327223
vt 0.846258 0.432945
vt 0.861271 0.383021
vt 0.861271 0.432945
vt 0.675489 0.647325
vt 0.675489 0.697249
vt 0.643587 0.697249
vt 0.574153 0.802971
vt 0.574153 0.753047
vt 0.542251 0.802971
vt 0.880036 0.644388
vt 0.895049 0.594464
vt 0.895049 0.644388
vt 0.979496 0.908693
vt 0.979496 0.885199
vt 0.964483 0.908693
vt 0.996385 0.065856
vt 0.996385 0.089350
vt 0.981372 0.089350
vt 0.407137 0.935123
vt 0.439039 0.911629
vt 0.439039 0.935123
vt 0.675489 0.435882
vt 0.675489 0.485806
vt 0.643587 0.485806
vt 0.404635 0.170599
vt 0.372733 0.220523
vt 0.372733 0.170599
vt 0.962606 0.115780
vt 0.962606 0.065856
vt 0.947594 0.115780
vt 0.743046 0.065856
vt 0.711144 0.115780
vt 0.743046 0.115780
vt 0.743046 0.274362
vt 0.711144 0.274362
vt 0.743046 0.224438
vt 0.846258 0.882262
vt 0.878160 0.858769
vt 0.878160 0.882262
vt 0.542251 0.987984
vt 0.557263 0.987984
vt 0.557263 0.964490
vt 0.846258 0.935123
vt 0.878160 0.911629
vt 0.878160 0.935123
vt 0.474694 0.987984
vt 0.489706 0.987984
vt 0.489706 0.964490
vt 0.607931 0.938060
vt 0.607931 0.961554
vt 0.576029 0.961554
vt 0.439039 0.802971
vt 0.407137 0.802971
vt 0.439039 0.753047
vt 0.979496 0.855832
vt 0.964483 0.855832
vt 0.979496 0.832338
vt 0.964483 0.802971
vt 0.979496 0.802971
vt 0.979496 0.779477
vt 0.962606 0.750110
vt 0.962606 0.700186
vt 0.947594 0.750110
vt 0.711144 0.908693
vt 0.743046 0.908693
vt 0.743046 0.885199
vt 0.978870 0.540624
vt 0.963857 0.590549
vt 0.963857 0.540624
vt 0.540374 0.488743
vt 0.540374 0.538667
vt 0.508472 0.538667
vt 0.472817 0.171578
vt 0.440915 0.221502
vt 0.472817 0.221502
vt 0.776824 0.644388
vt 0.744922 0.644388
vt 0.776824 0.594464
vt 0.979496 0.858769
vt 0.964483 0.882262
vt 0.979496 0.882262
vt 0.506596 0.935123
vt 0.506596 0.911629
vt 0.474694 0.935123
vt 0.523485 0.964490
vt 0.523485 0.987984
vt 0.508472 0.987984
vt 0.540374 0.115780
vt 0.540374 0.065856
vt 0.508472 0.115780
vt 0.778701 0.961554
vt 0.793713 0.961554
vt 0.793713 0.938060
vt 0.540374 0.911629
vt 0.540374 0.935123
vt 0.508472 0.935123
vt 0.776824 0.330160
vt 0.776824 0.380084
vt 0.744922 0.380084
vt 0.877534 0.937081
vt 0.862522 0.960575
vt 0.862522 0.937081
vt 0.641710 0.858769
vt 0.609808 0.882262
vt 0.641710 0.882262
vt 0.641084 0.937081
vt 0.609182 0.937081
vt 0.609182 0.960575
vt 0.962606 0.647325
vt 0.947594 0.697249
vt 0.962606 0.697249
vt 0.675489 0.224438
vt 0.675489 0.274362
vt 0.643587 0.274362
vt 0.962606 0.277299
vt 0.947594 0.327223
vt 0.962606 0.327223
vt 0.474694 0.168641
vt 0.506596 0.168641
vt 0.506596 0.118717
vt 0.540374 0.855832
vt 0.540374 0.832338
vt 0.508472 0.855832
vt 0.963857 0.537688
vt 0.978870 0.487764
vt 0.963857 0.487764
vt 0.995759 0.064877
vt 0.980747 0.088371
vt 0.980747 0.064877
vt 0.776824 0.700186
vt 0.776824 0.750110
vt 0.744922 0.750110
vt 0.709267 0.885199
vt 0.677365 0.908693
vt 0.709267 0.908693
vt 0.508472 0.961554
vt 0.540374 0.961554
vt 0.540374 0.938060
vt 0.878160 0.171578
vt 0.846258 0.221502
vt 0.878160 0.221502
vt 0.574153 0.118717
vt 0.574153 0.168641
vt 0.542251 0.168641
vt 0.996385 0.115780
vt 0.996385 0.092286
vt 0.981372 0.115780
vt 0.506596 0.961554
vt 0.474694 0.961554
vt 0.506596 0.938060
vt 0.947594 0.432945
vt 0.962606 0.432945
vt 0.962606 0.383021
vt 0.861271 0.538667
vt 0.846258 0.538667
vt 0.861271 0.488743
vt 0.642961 0.484827
vt 0.674863 0.434903
vt 0.642961 0.434903
vt 0.607306 0.937081
vt 0.575404 0.960575
vt 0.575404 0.937081
vt 0.711144 0.062919
vt 0.743046 0.062919
vt 0.743046 0.012995
vt 0.963857 0.434903
vt 0.978870 0.434903
vt 0.963857 0.484827
vt 0.710518 0.487764
vt 0.742420 0.487764
vt 0.710518 0.537688
vt 0.472817 0.908693
vt 0.472817 0.885199
vt 0.440915 0.908693
vt 0.843756 0.012016
vt 0.811854 0.012016
vt 0.811854 0.061940
vt 0.405260 0.961554
vt 0.405260 0.938060
vt 0.373358 0.961554
vt 0.574153 0.065856
vt 0.542251 0.115780
vt 0.574153 0.115780
vt 0.743046 0.221502
vt 0.711144 0.221502
vt 0.743046 0.171578
vt 0.743046 0.779477
vt 0.711144 0.802971
vt 0.743046 0.802971
vt 0.863147 0.697249
vt 0.878160 0.647325
vt 0.878160 0.697249
vt 0.996385 0.145147
vt 0.981372 0.168641
vt 0.996385 0.168641
vt 0.641710 0.541603
vt 0.609808 0.591528
vt 0.641710 0.591528
vt 0.576029 0.750110
vt 0.607931 0.750110
vt 0.607931 0.700186
vt 0.744297 0.749131
vt 0.744297 0.699207
vt 0.776199 0.699207
vt 0.945717 0.118717
vt 0.930704 0.168641
vt 0.945717 0.168641
vt 0.945717 0.380084
vt 0.945717 0.330160
vt 0.930704 0.380084
vt 0.964483 0.062919
vt 0.979496 0.062919
vt 0.979496 0.012995
vt 0.743046 0.911629
vt 0.711144 0.935123
vt 0.743046 0.935123
vt 0.675489 0.832338
vt 0.675489 0.855832
vt 0.643587 0.855832
vt 0.406511 0.752068
vt 0.438413 0.752068
vt 0.406511 0.801992
vt 0.440290 0.117738
vt 0.472192 0.117738
vt 0.440290 0.167662
vt 0.980747 0.194092
vt 0.980747 0.170599
vt 0.995759 0.170599
vt 0.945717 0.697249
vt 0.930704 0.697249
vt 0.945717 0.647325
vt 0.979496 0.065856
vt 0.979496 0.115780
vt 0.964483 0.115780
vt 0.945717 0.935123
vt 0.945717 0.911629
vt 0.913815 0.935123
vt 0.573527 0.937081
vt 0.541625 0.937081
vt 0.541625 0.960575
vt 0.778701 0.935123
vt 0.810603 0.911629
vt 0.810603 0.935123
vt 0.641710 0.435882
vt 0.641710 0.485806
vt 0.609808 0.485806
vt 0.963857 0.431966
vt 0.978870 0.382042
vt 0.963857 0.382042
vt 0.404635 0.223459
vt 0.372733 0.223459
vt 0.372733 0.273384
vt 0.539749 0.937081
vt 0.507847 0.937081
vt 0.507847 0.960575
vt 0.778701 0.882262
vt 0.810603 0.882262
vt 0.810603 0.858769
vt 0.911938 0.435882
vt 0.911938 0.485806
vt 0.896926 0.485806
vt 0.776824 0.168641
vt 0.776824 0.118717
vt 0.744922 0.168641
vt 0.540374 0.168641
vt 0.540374 0.118717
vt 0.508472 0.168641
vt 0.743046 0.383021
vt 0.711144 0.432945
vt 0.743046 0.432945
vt 0.812479 0.802971
vt 0.844381 0.802971
vt 0.844381 0.779477
vt 0.675489 0.885199
vt 0.643587 0.908693
vt 0.675489 0.908693
vt 0.963857 0.778498
vt 0.963857 0.801992
vt 0.978870 0.778498
vt 0.878160 0.012995
vt 0.846258 0.062919
vt 0.878160 0.062919
vt 0.979496 0.938060
vt 0.964483 0.961554
vt 0.979496 0.961554
vt 0.776824 0.065856
vt 0.776824 0.115780
vt 0.744922 0.115780
vt 0.607931 0.118717
vt 0.576029 0.168641
vt 0.607931 0.168641
vt 0.964483 0.935123
vt 0.979496 0.911629
vt 0.979496 0.935123
vt 0.861271 0.591528
vt 0.861271 0.541603
vt 0.846258 0.591528
vt 0.472817 0.541603
vt 0.440915 0.591528
vt 0.472817 0.591528
vt 0.810603 0.118717
vt 0.778701 0.168641
vt 0.810603 0.168641
vt 0.963857 0.329181
vt 0.963857 0.379105
vt 0.978870 0.329181
vt 0.928828 0.938060
vt 0.928828 0.961554
vt 0.913815 0.961554
vt 0.540374 0.753047
vt 0.508472 0.802971
vt 0.540374 0.802971
vt 0.576029 0.802971
vt 0.607931 0.802971
vt 0.607931 0.779477
vt 0.962606 0.012995
vt 0.962606 0.062919
vt 0.947594 0.062919
vt 0.474068 0.937081
vt 0.505970 0.937081
vt 0.474068 0.960575
vt 0.440290 0.223459
vt 0.472192 0.223459
vt 0.440290 0.273384
vt 0.709267 0.432945
vt 0.677365 0.432945
vt 0.709267 0.383021
vt 0.776824 0.171578
vt 0.744922 0.221502
vt 0.776824 0.221502
vt 0.963857 0.326244
vt 0.978870 0.276320
vt 0.963857 0.276320
vt 0.709267 0.644388
vt 0.709267 0.594464
vt 0.677365 0.644388
vt 0.928828 0.538667
vt 0.913815 0.538667
vt 0.928828 0.488743
vt 0.930704 0.432945
vt 0.945717 0.383021
vt 0.945717 0.432945
vt 0.945717 0.488743
vt 0.930704 0.538667
vt 0.945717 0.538667
vt 0.439039 0.065856
vt 0.407137 0.115780
vt 0.439039 0.115780
vt 0.440915 0.961554
vt 0.472817 0.938060
vt 0.472817 0.961554
vt 0.962606 0.171578
vt 0.962606 0.221502
vt 0.947594 0.221502
vt 0.440290 0.960575
vt 0.472192 0.937081
vt 0.440290 0.937081
vt 0.405260 0.380084
vt 0.405260 0.330160
vt 0.373358 0.380084
vt 0.743046 0.330160
vt 0.743046 0.380084
vt 0.711144 0.380084
vt 0.506596 0.964490
vt 0.506596 0.987984
vt 0.491583 0.987984
vt 0.643587 0.882262
vt 0.675489 0.858769
vt 0.675489 0.882262
vt 0.945717 0.065856
vt 0.945717 0.115780
vt 0.930704 0.115780
vt 0.607931 0.591528
vt 0.607931 0.541603
vt 0.576029 0.591528
vt 0.913815 0.750110
vt 0.928828 0.750110
vt 0.928828 0.700186
vt 0.995759 0.382042
vt 0.980747 0.382042
vt 0.980747 0.405536
vt 0.609808 0.750110
vt 0.641710 0.700186
vt 0.641710 0.750110
vt 0.810603 0.065856
vt 0.778701 0.115780
vt 0.810603 0.115780
vt 0.945717 0.435882
vt 0.930704 0.485806
vt 0.945717 0.485806
vt 0.978870 0.223459
vt 0.963857 0.223459
vt 0.963857 0.273384
vt 0.709267 0.115780
vt 0.709267 0.065856
vt 0.677365 0.115780
vt 0.439039 0.327223
vt 0.407137 0.327223
vt 0.439039 0.277299
vt 0.810603 0.435882
vt 0.778701 0.485806
vt 0.810603 0.485806
vt 0.962606 0.591528
vt 0.962606 0.541603
vt 0.947594 0.591528
vt 0.641710 0.383021
vt 0.641710 0.432945
vt 0.609808 0.432945
vt 0.812479 0.935123
vt 0.844381 0.911629
vt 0.844381 0.935123
vt 0.406511 0.937081
vt 0.438413 0.937081
vt 0.406511 0.960575
vt 0.709267 0.753047
vt 0.677365 0.776541
vt 0.709267 0.776541
vt 0.709267 0.380084
vt 0.709267 0.330160
vt 0.677365 0.380084
vt 0.677365 0.935123
vt 0.709267 0.911629
vt 0.709267 0.935123
vt 0.996385 0.274362
vt 0.981372 0.274362
vt 0.996385 0.250869
vt 0.573527 0.064877
vt 0.541625 0.114801
vt 0.541625 0.064877
vt 0.744922 0.591528
vt 0.776824 0.591528
vt 0.776824 0.541603
vt 0.407137 0.644388
vt 0.439039 0.594464
vt 0.439039 0.644388
vt 0.996385 0.432945
vt 0.996385 0.409451
vt 0.981372 0.432945
vt 0.643587 0.591528
vt 0.675489 0.591528
vt 0.675489 0.541603
vt 0.406511 0.593485
vt 0.406511 0.643409
vt 0.438413 0.593485
vt 0.963857 0.170599
vt 0.963857 0.220523
vt 0.978870 0.170599
vt 0.676740 0.593485
vt 0.676740 0.643409
vt 0.708642 0.593485
vt 0.372733 0.937081
vt 0.404635 0.937081
vt 0.372733 0.960575
vt 0.844381 0.591528
vt 0.844381 0.541603
vt 0.812479 0.591528
vt 0.405260 0.115780
vt 0.405260 0.065856
vt 0.373358 0.115780
vt 0.928828 0.168641
vt 0.928828 0.118717
vt 0.913815 0.168641
vt 0.810603 0.432945
vt 0.778701 0.432945
vt 0.810603 0.383021
vt 0.440915 0.538667
vt 0.472817 0.488743
vt 0.472817 0.538667
vt 0.911938 0.935123
vt 0.880036 0.935123
vt 0.911938 0.911629
vt 0.861271 0.435882
vt 0.846258 0.485806
vt 0.861271 0.485806
vt 0.373358 0.697249
vt 0.405260 0.647325
vt 0.405260 0.697249
vt 0.776824 0.383021
vt 0.744922 0.432945
vt 0.776824 0.432945
vt 0.675489 0.911629
vt 0.675489 0.935123
vt 0.643587 0.935123
vt 0.911938 0.805908
vt 0.911938 0.855832
vt 0.896926 0.855832
vt 0.405260 0.432945
vt 0.373358 0.432945
vt 0.405260 0.383021
vt 0.809977 0.117738
vt 0.778075 0.117738
vt 0.778075 0.167662
vt 0.827492 0.938060
vt 0.827492 0.961554
vt 0.812479 0.961554
vt 0.978870 0.117738
vt 0.963857 0.167662
vt 0.963857 0.117738
vt 0.643587 0.115780
vt 0.675489 0.065856
vt 0.675489 0.115780
vt 0.778075 0.593485
vt 0.809977 0.593485
vt 0.778075 0.643409
vt 0.607306 0.699207
vt 0.575404 0.699207
vt 0.575404 0.749131
vt 0.711144 0.327223
vt 0.743046 0.327223
vt 0.743046 0.277299
vt 0.913190 0.934144
vt 0.913190 0.910650
vt 0.945091 0.910650
vt 0.963857 0.114801
vt 0.978870 0.064877
vt 0.963857 0.064877
vt 0.963857 0.960575
vt 0.963857 0.937081
vt 0.978870 0.937081
vt 0.810603 0.700186
vt 0.778701 0.750110
vt 0.810603 0.750110
vt 0.574153 0.435882
vt 0.542251 0.485806
vt 0.574153 0.485806
vt 0.810603 0.171578
vt 0.810603 0.221502
vt 0.778701 0.221502
vt 0.911313 0.910650
vt 0.879411 0.910650
vt 0.879411 0.934144
vt 0.506596 0.541603
vt 0.506596 0.591528
vt 0.474694 0.591528
vt 0.439039 0.485806
vt 0.407137 0.485806
vt 0.439039 0.435882
vt 0.843756 0.540624
vt 0.811854 0.590549
vt 0.811854 0.540624
vt 0.641710 0.330160
vt 0.641710 0.380084
vt 0.609808 0.380084
vt 0.877534 0.170599
vt 0.845632 0.220523
vt 0.845632 0.170599
vt 0.979496 0.776541
vt 0.964483 0.776541
vt 0.979496 0.753047
vt 0.439039 0.908693
vt 0.407137 0.908693
vt 0.439039 0.885199
vt 0.928202 0.937081
vt 0.913190 0.960575
vt 0.913190 0.937081
vt 0.979496 0.670819
vt 0.979496 0.647325
vt 0.964483 0.670819
vt 0.472817 0.858769
vt 0.472817 0.882262
vt 0.440915 0.882262
vt 0.947594 0.274362
vt 0.962606 0.224438
vt 0.962606 0.274362
vt 0.978870 0.012016
vt 0.963857 0.012016
vt 0.963857 0.061940
vt 0.845632 0.934144
vt 0.845632 0.910650
vt 0.877534 0.910650
vt 0.641710 0.115780
vt 0.641710 0.065856
vt 0.609808 0.115780
vt 0.472817 0.855832
vt 0.440915 0.855832
vt 0.472817 0.832338
vt 0.846258 0.115780
vt 0.878160 0.065856
vt 0.878160 0.115780
vt 0.507847 0.752068
vt 0.507847 0.801992
vt 0.539749 0.752068
vt 0.928828 0.277299
vt 0.928828 0.327223
vt 0.913815 0.327223
vt 0.946968 0.857790
vt 0.961981 0.857790
vt 0.946968 0.907714
vt 0.507847 0.167662
vt 0.539749 0.117738
vt 0.507847 0.117738
vt 0.607931 0.776541
vt 0.607931 0.753047
vt 0.576029 0.776541
vt 0.996385 0.012995
vt 0.996385 0.036489
vt 0.981372 0.036489
vt 0.438413 0.276320
vt 0.406511 0.326244
vt 0.406511 0.276320
vt 0.962606 0.330160
vt 0.947594 0.380084
vt 0.962606 0.380084
vt 0.405260 0.964490
vt 0.405260 0.987984
vt 0.390247 0.987984
vt 0.474694 0.485806
vt 0.506596 0.435882
vt 0.506596 0.485806
vt 0.574153 0.488743
vt 0.542251 0.538667
vt 0.574153 0.538667
vt 0.407137 0.750110
vt 0.439039 0.700186
vt 0.439039 0.750110
vt 0.878160 0.432945
vt 0.878160 0.383021
vt 0.863147 0.432945
vt 0.945717 0.858769
vt 0.945717 0.882262
vt 0.913815 0.882262
vt 0.812479 0.855832
vt 0.844381 0.855832
vt 0.844381 0.832338
vt 0.609808 0.829401
vt 0.641710 0.829401
vt 0.641710 0.805908
vt 0.643587 0.644388
vt 0.675489 0.594464
vt 0.675489 0.644388
vt 0.962606 0.753047
vt 0.947594 0.802971
vt 0.962606 0.802971
vt 0.996385 0.327223
vt 0.981372 0.327223
vt 0.996385 0.303730
vt 0.541625 0.167662
vt 0.573527 0.117738
vt 0.541625 0.117738
vt 0.810603 0.062919
vt 0.810603 0.012995
vt 0.778701 0.062919
vt 0.540374 0.829401
vt 0.540374 0.805908
vt 0.508472 0.829401
vt 0.405260 0.012995
vt 0.405260 0.062919
vt 0.373358 0.062919
vt 0.641710 0.488743
vt 0.609808 0.538667
vt 0.641710 0.538667
vt 0.880036 0.855832
vt 0.895049 0.805908
vt 0.895049 0.855832
vt 0.811854 0.934144
vt 0.811854 0.910650
vt 0.843756 0.910650
vt 0.961981 0.804929
vt 0.946968 0.854853
vt 0.946968 0.804929
vt 0.508472 0.644388
vt 0.540374 0.644388
vt 0.540374 0.594464
vt 0.962606 0.538667
vt 0.947594 0.538667
vt 0.962606 0.488743
vt 0.810603 0.855832
vt 0.810603 0.832338
vt 0.778701 0.855832
vt 0.472192 0.329181
vt 0.440290 0.329181
vt 0.440290 0.379105
vt 0.372733 0.382042
vt 0.404635 0.382042
vt 0.372733 0.431966
vt 0.980747 0.408472
vt 0.995759 0.408472
vt 0.980747 0.431966
vt 0.574153 0.594464
vt 0.574153 0.644388
vt 0.542251 0.644388
vt 0.911938 0.885199
vt 0.880036 0.908693
vt 0.911938 0.908693
vt 0.607306 0.752068
vt 0.575404 0.775562
vt 0.575404 0.752068
vt 0.961981 0.752068
vt 0.946968 0.801992
vt 0.946968 0.752068
vt 0.643587 0.168641
vt 0.675489 0.168641
vt 0.675489 0.118717
vt 0.440290 0.431966
vt 0.472192 0.382042
vt 0.440290 0.382042
vt 0.641710 0.221502
vt 0.609808 0.221502
vt 0.641710 0.171578
vt 0.407137 0.168641
vt 0.439039 0.168641
vt 0.439039 0.118717
vt 0.778075 0.934144
vt 0.809977 0.910650
vt 0.778075 0.910650
vt 0.609808 0.274362
vt 0.641710 0.224438
vt 0.641710 0.274362
vt 0.846258 0.829401
vt 0.878160 0.829401
vt 0.878160 0.805908
vt 0.962606 0.961554
vt 0.962606 0.938060
vt 0.947594 0.961554
vt 0.743046 0.938060
vt 0.728033 0.961554
vt 0.743046 0.961554
vt 0.928828 0.697249
vt 0.913815 0.697249
vt 0.928828 0.647325
vt 0.928828 0.383021
vt 0.928828 0.432945
vt 0.913815 0.432945
vt 0.609182 0.220523
vt 0.641084 0.170599
vt 0.609182 0.170599
vt 0.961981 0.699207
vt 0.946968 0.749131
vt 0.946968 0.699207
vt 0.407137 0.591528
vt 0.439039 0.591528
vt 0.439039 0.541603
vt 0.609182 0.223459
vt 0.609182 0.273384
vt 0.641084 0.223459
vt 0.776199 0.910650
vt 0.744297 0.934144
vt 0.744297 0.910650
vt 0.438413 0.434903
vt 0.406511 0.484827
vt 0.406511 0.434903
vt 0.642961 0.273384
vt 0.642961 0.223459
vt 0.674863 0.223459
vt 0.946968 0.696270
vt 0.961981 0.646346
vt 0.946968 0.646346
vt 0.945717 0.753047
vt 0.945717 0.802971
vt 0.930704 0.802971
vt 0.945717 0.885199
vt 0.913815 0.908693
vt 0.945717 0.908693
vt 0.440915 0.935123
vt 0.472817 0.935123
vt 0.472817 0.911629
vt 0.945717 0.274362
vt 0.930704 0.274362
vt 0.945717 0.224438
vt 0.541625 0.484827
vt 0.541625 0.434903
vt 0.573527 0.434903
vt 0.440915 0.802971
vt 0.472817 0.753047
vt 0.472817 0.802971
vt 0.928828 0.380084
vt 0.928828 0.330160
vt 0.913815 0.380084
vt 0.710518 0.910650
vt 0.742420 0.910650
vt 0.710518 0.934144
vt 0.961981 0.593485
vt 0.946968 0.643409
vt 0.946968 0.593485
vt 0.911938 0.330160
vt 0.896926 0.380084
vt 0.911938 0.380084
vt 0.539749 0.487764
vt 0.507847 0.487764
vt 0.507847 0.537688
vt 0.743046 0.805908
vt 0.711144 0.829401
vt 0.743046 0.829401
vt 0.880036 0.168641
vt 0.895049 0.118717
vt 0.895049 0.168641
vt 0.709267 0.485806
vt 0.709267 0.435882
vt 0.677365 0.485806
vt 0.607931 0.908693
vt 0.607931 0.885199
vt 0.576029 0.908693
vt 0.607931 0.327223
vt 0.607931 0.277299
vt 0.576029 0.327223
vt 0.373358 0.538667
vt 0.405260 0.538667
vt 0.405260 0.488743
vt 0.573527 0.487764
vt 0.541625 0.487764
vt 0.541625 0.537688
vt 0.542251 0.855832
vt 0.574153 0.855832
vt 0.574153 0.832338
vt 0.676740 0.910650
vt 0.708642 0.910650
vt 0.676740 0.934144
vt 0.474694 0.697249
vt 0.506596 0.647325
vt 0.506596 0.697249
vt 0.607931 0.644388
vt 0.607931 0.594464
vt 0.576029 0.644388
vt 0.407137 0.538667
vt 0.439039 0.538667
vt 0.439039 0.488743
vt 0.643587 0.221502
vt 0.675489 0.221502
vt 0.675489 0.171578
vt 0.676740 0.379105
vt 0.676740 0.329181
vt 0.708642 0.329181
vt 0.810603 0.779477
vt 0.810603 0.802971
vt 0.778701 0.802971
vt 0.676740 0.484827
vt 0.708642 0.434903
vt 0.676740 0.434903
vt 0.961981 0.540624
vt 0.946968 0.540624
vt 0.946968 0.590549
vt 0.710518 0.064877
vt 0.710518 0.114801
vt 0.742420 0.064877
vt 0.744922 0.485806
vt 0.776824 0.435882
vt 0.776824 0.485806
vt 0.642961 0.910650
vt 0.642961 0.934144
vt 0.674863 0.910650
vt 0.996385 0.356590
vt 0.996385 0.380084
vt 0.981372 0.380084
vt 0.911938 0.591528
vt 0.896926 0.591528
vt 0.911938 0.541603
vt 0.508472 0.432945
vt 0.540374 0.383021
vt 0.540374 0.432945
vt 0.506596 0.700186
vt 0.474694 0.750110
vt 0.506596 0.750110
vt 0.979496 0.697249
vt 0.964483 0.697249
vt 0.979496 0.673756
vt 0.812479 0.327223
vt 0.844381 0.277299
vt 0.844381 0.327223
vt 0.576029 0.697249
vt 0.607931 0.647325
vt 0.607931 0.697249
vt 0.540374 0.485806
vt 0.540374 0.435882
vt 0.508472 0.485806
vt 0.709267 0.832338
vt 0.709267 0.855832
vt 0.677365 0.855832
vt 0.928828 0.594464
vt 0.913815 0.644388
vt 0.928828 0.644388
vt 0.710518 0.276320
vt 0.710518 0.326244
vt 0.742420 0.276320
vt 0.559140 0.987984
vt 0.574153 0.987984
vt 0.574153 0.964490
vt 0.609808 0.987984
vt 0.624821 0.964490
vt 0.624821 0.987984
vt 0.405260 0.435882
vt 0.405260 0.485806
vt 0.373358 0.485806
vt 0.844381 0.644388
vt 0.812479 0.644388
vt 0.844381 0.594464
vt 0.759935 0.961554
vt 0.744922 0.961554
vt 0.759935 0.938060
vt 0.895049 0.274362
vt 0.895049 0.224438
vt 0.880036 0.274362
vt 0.979496 0.750110
vt 0.964483 0.750110
vt 0.979496 0.726616
vt 0.472817 0.594464
vt 0.472817 0.644388
vt 0.440915 0.644388
vt 0.607931 0.935123
vt 0.576029 0.935123
vt 0.607931 0.911629
vt 0.911938 0.882262
vt 0.880036 0.882262
vt 0.911938 0.858769
vt 0.574153 0.911629
vt 0.542251 0.935123
vt 0.574153 0.935123
vt 0.996385 0.039425
vt 0.981372 0.062919
vt 0.996385 0.062919
vt 0.861271 0.938060
vt 0.861271 0.961554
vt 0.846258 0.961554
vt 0.946968 0.487764
vt 0.961981 0.487764
vt 0.946968 0.537688
vt 0.609182 0.910650
vt 0.641084 0.910650
vt 0.609182 0.934144
vt 0.961981 0.434903
vt 0.946968 0.484827
vt 0.946968 0.434903
vt 0.405260 0.750110
vt 0.405260 0.700186
vt 0.373358 0.750110
vt 0.540374 0.700186
vt 0.508472 0.750110
vt 0.540374 0.750110
vt 0.541625 0.540624
vt 0.541625 0.590549
vt 0.573527 0.540624
vt 0.979496 0.700186
vt 0.964483 0.723680
vt 0.979496 0.723680
vt 0.575404 0.934144
vt 0.575404 0.910650
vt 0.607306 0.910650
vt 0.928828 0.753047
vt 0.913815 0.802971
vt 0.928828 0.802971
vt 0.778701 0.591528
vt 0.810603 0.591528
vt 0.810603 0.541603
vt 0.474694 0.432945
vt 0.506596 0.432945
vt 0.506596 0.383021
vt 0.405260 0.882262
vt 0.405260 0.858769
vt 0.373358 0.882262
vt 0.812479 0.776541
vt 0.844381 0.776541
vt 0.844381 0.753047
vt 0.439039 0.829401
vt 0.439039 0.805908
vt 0.407137 0.829401
vt 0.641084 0.540624
vt 0.609182 0.540624
vt 0.609182 0.590549
vt 0.677365 0.538667
vt 0.709267 0.488743
vt 0.709267 0.538667
vt 0.373358 0.935123
vt 0.405260 0.911629
vt 0.405260 0.935123
vt 0.440290 0.643409
vt 0.440290 0.593485
vt 0.472192 0.593485
vt 0.506596 0.644388
vt 0.506596 0.594464
vt 0.474694 0.644388
vt 0.961981 0.382042
vt 0.946968 0.382042
vt 0.946968 0.431966
vt 0.744297 0.170599
vt 0.776199 0.170599
vt 0.744297 0.220523
vt 0.896926 0.697249
vt 0.911938 0.647325
vt 0.911938 0.697249
vt 0.541625 0.910650
vt 0.573527 0.910650
vt 0.541625 0.934144
vt 0.776824 0.908693
vt 0.776824 0.885199
vt 0.744922 0.908693
vt 0.778701 0.327223
vt 0.810603 0.277299
vt 0.810603 0.327223
vt 0.996385 0.221502
vt 0.981372 0.221502
vt 0.996385 0.198008
vt 0.911938 0.274362
vt 0.896926 0.274362
vt 0.911938 0.224438
vt 0.474068 0.643409
vt 0.505970 0.593485
vt 0.474068 0.593485
vt 0.945717 0.750110
vt 0.930704 0.750110
vt 0.945717 0.700186
vt 0.677365 0.168641
vt 0.709267 0.168641
vt 0.709267 0.118717
vt 0.946968 0.379105
vt 0.961981 0.329181
vt 0.946968 0.329181
vt 0.963857 0.907714
vt 0.978870 0.884220
vt 0.963857 0.884220
vt 0.810603 0.961554
vt 0.795590 0.961554
vt 0.810603 0.938060
vt 0.812479 0.380084
vt 0.844381 0.380084
vt 0.844381 0.330160
vt 0.422149 0.987984
vt 0.422149 0.964490
vt 0.407137 0.987984
vt 0.540374 0.964490
vt 0.540374 0.987984
vt 0.525362 0.987984
vt 0.507847 0.910650
vt 0.507847 0.934144
vt 0.539749 0.910650
vt 0.506596 0.327223
vt 0.506596 0.277299
vt 0.474694 0.327223
vt 0.388371 0.987984
vt 0.388371 0.964490
vt 0.373358 0.987984
vt 0.946968 0.326244
vt 0.961981 0.276320
vt 0.946968 0.276320
vt 0.607931 0.485806
vt 0.576029 0.485806
vt 0.607931 0.435882
vt 0.505970 0.910650
vt 0.474068 0.934144
vt 0.474068 0.910650
vt 0.878160 0.855832
vt 0.878160 0.832338
vt 0.846258 0.855832
vt 0.607931 0.964490
vt 0.592919 0.987984
vt 0.607931 0.987984
vt 0.539749 0.593485
vt 0.507847 0.643409
vt 0.507847 0.593485
vt 0.575404 0.643409
vt 0.607306 0.593485
vt 0.575404 0.593485
vt 0.861271 0.700186
vt 0.846258 0.750110
vt 0.861271 0.750110
vt 0.373358 0.644388
vt 0.405260 0.594464
vt 0.405260 0.644388
vt 0.607931 0.832338
vt 0.576029 0.855832
vt 0.607931 0.855832
vt 0.945717 0.541603
vt 0.945717 0.591528
vt 0.930704 0.591528
vt 0.945717 0.644388
vt 0.945717 0.594464
vt 0.930704 0.644388
vt 0.744297 0.434903
vt 0.776199 0.434903
vt 0.744297 0.484827
vt 0.778075 0.061940
vt 0.778075 0.012016
vt 0.809977 0.012016
vt 0.607931 0.115780
vt 0.576029 0.115780
vt 0.607931 0.065856
vt 0.945717 0.805908
vt 0.930704 0.855832
vt 0.945717 0.855832
vt 0.844381 0.885199
vt 0.844381 0.908693
vt 0.812479 0.908693
vt 0.961981 0.223459
vt 0.946968 0.223459
vt 0.946968 0.273384
vt 0.440290 0.910650
vt 0.472192 0.910650
vt 0.440290 0.934144
vt 0.946968 0.220523
vt 0.961981 0.170599
vt 0.946968 0.170599
vt 0.911938 0.938060
vt 0.896926 0.961554
vt 0.911938 0.961554
vt 0.810603 0.330160
vt 0.810603 0.380084
vt 0.778701 0.380084
vt 0.913815 0.062919
vt 0.928828 0.062919
vt 0.928828 0.012995
vt 0.878160 0.700186
vt 0.863147 0.750110
vt 0.878160 0.750110
vt 0.472192 0.646346
vt 0.440290 0.646346
vt 0.440290 0.696270
vt 0.474694 0.829401
vt 0.506596 0.805908
vt 0.506596 0.829401
vt 0.964483 0.829401
vt 0.979496 0.805908
vt 0.979496 0.829401
vt 0.809977 0.223459
vt 0.778075 0.273384
vt 0.778075 0.223459
vt 0.438413 0.910650
vt 0.406511 0.934144
vt 0.406511 0.910650
vt 0.896926 0.644388
vt 0.911938 0.644388
vt 0.911938 0.594464
vt 0.946968 0.167662
vt 0.946968 0.117738
vt 0.961981 0.117738
vt 0.540374 0.224438
vt 0.508472 0.274362
vt 0.540374 0.274362
vt 0.776824 0.327223
vt 0.776824 0.277299
vt 0.744922 0.327223
vt 0.575404 0.696270
vt 0.575404 0.646346
vt 0.607306 0.646346
vt 0.372733 0.934144
vt 0.404635 0.910650
vt 0.372733 0.910650
vt 0.642961 0.646346
vt 0.674863 0.646346
vt 0.642961 0.696270
vt 0.439039 0.697249
vt 0.407137 0.697249
vt 0.439039 0.647325
vt 0.961981 0.064877
vt 0.946968 0.064877
vt 0.946968 0.114801
vt 0.711144 0.591528
vt 0.743046 0.541603
vt 0.743046 0.591528
vt 0.913190 0.907714
vt 0.945091 0.884220
vt 0.913190 0.884220
vt 0.540374 0.697249
vt 0.508472 0.697249
vt 0.540374 0.647325
vt 0.744922 0.697249
vt 0.776824 0.647325
vt 0.776824 0.697249
vt 0.641710 0.908693
vt 0.641710 0.885199
vt 0.609808 0.908693
vt 0.928828 0.805908
vt 0.913815 0.855832
vt 0.928828 0.855832
vt 0.946968 0.061940
vt 0.946968 0.012016
vt 0.961981 0.012016
vt 0.574153 0.885199
vt 0.542251 0.908693
vt 0.574153 0.908693
vt 0.878160 0.488743
vt 0.878160 0.538667
vt 0.863147 0.538667
vt 0.744297 0.937081
vt 0.759309 0.937081
vt 0.744297 0.960575
vt 0.455928 0.964490
vt 0.455928 0.987984
vt 0.440915 0.987984
vt 0.978870 0.672777
vt 0.963857 0.672777
vt 0.963857 0.696270
vt 0.778075 0.382042
vt 0.809977 0.382042
vt 0.778075 0.431966
vt 0.913190 0.881283
vt 0.945091 0.857790
vt 0.913190 0.857790
vt 0.811854 0.937081
vt 0.811854 0.960575
vt 0.826866 0.937081
vt 0.778075 0.379105
vt 0.809977 0.329181
vt 0.778075 0.329181
vt 0.930079 0.804929
vt 0.945091 0.804929
vt 0.930079 0.854853
vt 0.911313 0.884220
vt 0.879411 0.884220
vt 0.879411 0.907714
vt 0.439039 0.987984
vt 0.424026 0.987984
vt 0.439039 0.964490
vt 0.978870 0.725637
vt 0.963857 0.725637
vt 0.963857 0.749131
vt 0.675489 0.779477
vt 0.675489 0.802971
vt 0.643587 0.802971
vt 0.539749 0.646346
vt 0.507847 0.696270
vt 0.507847 0.646346
vt 0.542251 0.327223
vt 0.574153 0.327223
vt 0.574153 0.277299
vt 0.945091 0.752068
vt 0.930079 0.801992
vt 0.930079 0.752068
vt 0.877534 0.884220
vt 0.845632 0.884220
vt 0.845632 0.907714
vt 0.845632 0.960575
vt 0.845632 0.937081
vt 0.860645 0.937081
vt 0.930079 0.749131
vt 0.945091 0.699207
vt 0.930079 0.699207
vt 0.843756 0.884220
vt 0.811854 0.884220
vt 0.811854 0.907714
vt 0.895049 0.938060
vt 0.880036 0.961554
vt 0.895049 0.961554
vt 0.809977 0.064877
vt 0.778075 0.114801
vt 0.778075 0.064877
vt 0.911938 0.700186
vt 0.911938 0.750110
vt 0.896926 0.750110
vt 0.963857 0.828422
vt 0.978870 0.804929
vt 0.963857 0.804929
vt 0.711144 0.855832
vt 0.743046 0.855832
vt 0.743046 0.832338
vt 0.709267 0.274362
vt 0.709267 0.224438
vt 0.677365 0.274362
vt 0.372733 0.646346
vt 0.404635 0.646346
vt 0.372733 0.696270
vt 0.744297 0.643409
vt 0.776199 0.593485
vt 0.744297 0.593485
vt 0.709267 0.647325
vt 0.677365 0.697249
vt 0.709267 0.697249
vt 0.930079 0.646346
vt 0.945091 0.646346
vt 0.930079 0.696270
vt 0.778075 0.884220
vt 0.809977 0.884220
vt 0.778075 0.907714
vt 0.930079 0.643409
vt 0.945091 0.593485
vt 0.930079 0.593485
vt 0.928828 0.591528
vt 0.928828 0.541603
vt 0.913815 0.591528
vt 0.776199 0.487764
vt 0.744297 0.537688
vt 0.744297 0.487764
vt 0.642961 0.643409
vt 0.642961 0.593485
vt 0.674863 0.593485
vt 0.607931 0.829401
vt 0.576029 0.829401
vt 0.607931 0.805908
vt 0.641710 0.647325
vt 0.641710 0.697249
vt 0.609808 0.697249
vt 0.743046 0.435882
vt 0.743046 0.485806
vt 0.711144 0.485806
vt 0.506596 0.885199
vt 0.506596 0.908693
vt 0.474694 0.908693
vt 0.894424 0.937081
vt 0.879411 0.960575
vt 0.879411 0.937081
vt 0.744297 0.431966
vt 0.776199 0.382042
vt 0.744297 0.382042
vt 0.776199 0.884220
vt 0.744297 0.907714
vt 0.744297 0.884220
vt 0.709267 0.541603
vt 0.709267 0.591528
vt 0.677365 0.591528
vt 0.963857 0.831359
vt 0.963857 0.854853
vt 0.978870 0.831359
vt 0.930079 0.590549
vt 0.945091 0.540624
vt 0.930079 0.540624
vt 0.541625 0.593485
vt 0.573527 0.593485
vt 0.541625 0.643409
vt 0.710518 0.907714
vt 0.710518 0.884220
vt 0.742420 0.884220
vt 0.945717 0.221502
vt 0.945717 0.171578
vt 0.930704 0.221502
vt 0.810603 0.488743
vt 0.778701 0.538667
vt 0.810603 0.538667
vt 0.643587 0.432945
vt 0.675489 0.383021
vt 0.675489 0.432945
vt 0.896300 0.960575
vt 0.896300 0.937081
vt 0.911313 0.937081
vt 0.930079 0.537688
vt 0.945091 0.487764
vt 0.930079 0.487764
vt 0.961981 0.937081
vt 0.946968 0.960575
vt 0.946968 0.937081
vt 0.709267 0.750110
vt 0.677365 0.750110
vt 0.709267 0.700186
vt 0.372733 0.987005
vt 0.372733 0.963511
vt 0.387745 0.963511
vt 0.708642 0.884220
vt 0.676740 0.884220
vt 0.676740 0.907714
vt 0.895049 0.753047
vt 0.880036 0.802971
vt 0.895049 0.802971
vt 0.980747 0.061940
vt 0.995759 0.038446
vt 0.980747 0.038446
vt 0.744297 0.114801
vt 0.776199 0.064877
vt 0.744297 0.064877
vt 0.895049 0.488743
vt 0.895049 0.538667
vt 0.880036 0.538667
vt 0.930079 0.484827
vt 0.945091 0.434903
vt 0.930079 0.434903
vt 0.642961 0.907714
vt 0.674863 0.884220
vt 0.642961 0.884220
vt 0.542251 0.750110
vt 0.574153 0.750110
vt 0.574153 0.700186
vt 0.404635 0.593485
vt 0.372733 0.643409
vt 0.372733 0.593485
vt 0.710518 0.540624
vt 0.742420 0.540624
vt 0.710518 0.590549
vt 0.708642 0.540624
vt 0.676740 0.540624
vt 0.676740 0.590549
vt 0.930079 0.431966
vt 0.945091 0.382042
vt 0.930079 0.382042
vt 0.641084 0.884220
vt 0.609182 0.884220
vt 0.609182 0.907714
vt 0.911938 0.432945
vt 0.911938 0.383021
vt 0.896926 0.432945
vt 0.710518 0.434903
vt 0.710518 0.484827
vt 0.742420 0.434903
vt 0.742420 0.382042
vt 0.710518 0.431966
vt 0.710518 0.382042
vt 0.389622 0.963511
vt 0.404635 0.963511
vt 0.389622 0.987005
vt 0.710518 0.329181
vt 0.710518 0.379105
vt 0.742420 0.329181
vt 0.844381 0.647325
vt 0.844381 0.697249
vt 0.812479 0.697249
vt 0.575404 0.590549
vt 0.607306 0.540624
vt 0.575404 0.540624
vt 0.709267 0.779477
vt 0.709267 0.802971
vt 0.677365 0.802971
vt 0.743046 0.647325
vt 0.711144 0.697249
vt 0.743046 0.697249
vt 0.407137 0.380084
vt 0.439039 0.380084
vt 0.439039 0.330160
vt 0.406511 0.987005
vt 0.406511 0.963511
vt 0.421524 0.963511
vt 0.440290 0.963511
vt 0.455302 0.963511
vt 0.440290 0.987005
vt 0.540374 0.591528
vt 0.508472 0.591528
vt 0.540374 0.541603
vt 0.540374 0.221502
vt 0.540374 0.171578
vt 0.508472 0.221502
vt 0.405260 0.908693
vt 0.373358 0.908693
vt 0.405260 0.885199
vt 0.439039 0.882262
vt 0.439039 0.858769
vt 0.407137 0.882262
vt 0.710518 0.273384
vt 0.742420 0.223459
vt 0.710518 0.223459
vt 0.506596 0.171578
vt 0.474694 0.221502
vt 0.506596 0.221502
vt 0.744922 0.274362
vt 0.776824 0.224438
vt 0.776824 0.274362
vt 0.506596 0.538667
vt 0.506596 0.488743
vt 0.474694 0.538667
vt 0.945091 0.329181
vt 0.930079 0.329181
vt 0.930079 0.379105
vt 0.575404 0.907714
vt 0.575404 0.884220
vt 0.607306 0.884220
vt 0.930079 0.276320
vt 0.930079 0.326244
vt 0.945091 0.276320
vt 0.710518 0.117738
vt 0.742420 0.117738
vt 0.710518 0.167662
vt 0.895049 0.380084
vt 0.895049 0.330160
vt 0.880036 0.380084
vt 0.675489 0.805908
vt 0.675489 0.829401
vt 0.643587 0.829401
vt 0.744922 0.882262
vt 0.776824 0.858769
vt 0.776824 0.882262
vt 0.472192 0.540624
vt 0.440290 0.590549
vt 0.440290 0.540624
vt 0.573527 0.884220
vt 0.541625 0.884220
vt 0.541625 0.907714
vt 0.844381 0.485806
vt 0.844381 0.435882
vt 0.812479 0.485806
vt 0.878160 0.330160
vt 0.878160 0.380084
vt 0.863147 0.380084
vt 0.995759 0.144168
vt 0.980747 0.167662
vt 0.980747 0.144168
vt 0.776824 0.938060
vt 0.761811 0.961554
vt 0.776824 0.961554
vt 0.930079 0.223459
vt 0.945091 0.223459
vt 0.930079 0.273384
vt 0.574153 0.330160
vt 0.542251 0.380084
vt 0.574153 0.380084
vt 0.474694 0.802971
vt 0.506596 0.802971
vt 0.506596 0.753047
vt 0.928828 0.274362
vt 0.913815 0.274362
vt 0.928828 0.224438
vt 0.928828 0.171578
vt 0.928828 0.221502
vt 0.913815 0.221502
vt 0.539749 0.884220
vt 0.507847 0.884220
vt 0.507847 0.907714
vt 0.945091 0.170599
vt 0.930079 0.220523
vt 0.930079 0.170599
vt 0.810603 0.805908
vt 0.778701 0.829401
vt 0.810603 0.829401
vt 0.506596 0.380084
vt 0.506596 0.330160
vt 0.474694 0.380084
vt 0.674863 0.487764
vt 0.642961 0.537688
vt 0.642961 0.487764
vt 0.844381 0.065856
vt 0.844381 0.115780
vt 0.812479 0.115780
vt 0.474068 0.987005
vt 0.489081 0.963511
vt 0.474068 0.963511
vt 0.675489 0.062919
vt 0.643587 0.062919
vt 0.675489 0.012995
vt 0.844381 0.168641
vt 0.844381 0.118717
vt 0.812479 0.168641
vt 0.609182 0.537688
vt 0.641084 0.487764
vt 0.609182 0.487764
vt 0.676740 0.382042
vt 0.676740 0.431966
vt 0.708642 0.382042
vt 0.440915 0.115780
vt 0.472817 0.115780
vt 0.472817 0.065856
vt 0.505970 0.963511
vt 0.490957 0.963511
vt 0.490957 0.987005
vt 0.506596 0.882262
vt 0.506596 0.858769
vt 0.474694 0.882262
vt 0.607931 0.380084
vt 0.576029 0.380084
vt 0.607931 0.330160
vt 0.474694 0.115780
vt 0.506596 0.115780
vt 0.506596 0.065856
vt 0.474068 0.907714
vt 0.474068 0.884220
vt 0.505970 0.884220
vt 0.675489 0.277299
vt 0.675489 0.327223
vt 0.643587 0.327223
vt 0.980747 0.246953
vt 0.995759 0.223459
vt 0.980747 0.223459
vt 0.675489 0.380084
vt 0.675489 0.330160
vt 0.643587 0.380084
vt 0.576029 0.221502
vt 0.607931 0.171578
vt 0.607931 0.221502
vt 0.676740 0.276320
vt 0.676740 0.326244
vt 0.708642 0.276320
vt 0.507847 0.987005
vt 0.522860 0.963511
vt 0.507847 0.963511
vt 0.743046 0.858769
vt 0.711144 0.882262
vt 0.743046 0.882262
vt 0.930079 0.167662
vt 0.930079 0.117738
vt 0.945091 0.117738
vt 0.743046 0.644388
vt 0.743046 0.594464
vt 0.711144 0.644388
vt 0.846258 0.802971
vt 0.878160 0.802971
vt 0.878160 0.779477
vt 0.440290 0.907714
vt 0.440290 0.884220
vt 0.472192 0.884220
vt 0.474068 0.537688
vt 0.505970 0.487764
vt 0.474068 0.487764
vt 0.676740 0.167662
vt 0.708642 0.117738
vt 0.676740 0.117738
vt 0.911938 0.171578
vt 0.911938 0.221502
vt 0.896926 0.221502
vt 0.880036 0.062919
vt 0.895049 0.012995
vt 0.895049 0.062919
vt 0.641710 0.327223
vt 0.641710 0.277299
vt 0.609808 0.327223
vt 0.440290 0.537688
vt 0.440290 0.487764
vt 0.472192 0.487764
vt 0.440915 0.327223
vt 0.472817 0.277299
vt 0.472817 0.327223
vt 0.406511 0.487764
vt 0.406511 0.537688
vt 0.438413 0.487764
vt 0.676740 0.064877
vt 0.676740 0.114801
vt 0.708642 0.064877
vt 0.372733 0.487764
vt 0.404635 0.487764
vt 0.372733 0.537688
vt 0.945091 0.064877
vt 0.930079 0.114801
vt 0.930079 0.064877
vt 0.996385 0.142210
vt 0.981372 0.142210
vt 0.996385 0.118717
vt 0.895049 0.383021
vt 0.895049 0.432945
vt 0.880036 0.432945
vt 0.913815 0.115780
vt 0.928828 0.115780
vt 0.928828 0.065856
vt 0.911938 0.277299
vt 0.911938 0.327223
vt 0.896926 0.327223
vt 0.406511 0.884220
vt 0.406511 0.907714
vt 0.438413 0.884220
vt 0.609182 0.484827
vt 0.609182 0.434903
vt 0.641084 0.434903
vt 0.642961 0.382042
vt 0.642961 0.431966
vt 0.674863 0.382042
vt 0.844381 0.882262
vt 0.812479 0.882262
vt 0.844381 0.858769
vt 0.575404 0.484827
vt 0.607306 0.434903
vt 0.575404 0.434903
vt 0.930079 0.012016
vt 0.945091 0.012016
vt 0.930079 0.061940
vt 0.928828 0.485806
vt 0.928828 0.435882
vt 0.913815 0.485806
vt 0.980747 0.276320
vt 0.980747 0.299814
vt 0.995759 0.276320
vt 0.404635 0.884220
vt 0.372733 0.907714
vt 0.372733 0.884220
vt 0.812479 0.750110
vt 0.844381 0.700186
vt 0.844381 0.750110
vt 0.506596 0.832338
vt 0.506596 0.855832
vt 0.474694 0.855832
vt 0.558515 0.987005
vt 0.573527 0.963511
vt 0.558515 0.963511
vt 0.539749 0.434903
vt 0.507847 0.434903
vt 0.507847 0.484827
vt 0.913190 0.854853
vt 0.928202 0.804929
vt 0.913190 0.804929
vt 0.878160 0.168641
vt 0.846258 0.168641
vt 0.878160 0.118717
vt 0.911313 0.857790
vt 0.879411 0.857790
vt 0.879411 0.881283
vt 0.928202 0.752068
vt 0.913190 0.801992
vt 0.913190 0.752068
vt 0.845632 0.857790
vt 0.877534 0.857790
vt 0.845632 0.881283
vt 0.995759 0.302751
vt 0.980747 0.302751
vt 0.980747 0.326244
vt 0.674863 0.064877
vt 0.642961 0.114801
vt 0.642961 0.064877
vt 0.372733 0.434903
vt 0.372733 0.484827
vt 0.404635 0.434903
vt 0.642961 0.061940
vt 0.642961 0.012016
vt 0.674863 0.012016
vt 0.641084 0.382042
vt 0.609182 0.431966
vt 0.609182 0.382042
vt 0.844381 0.432945
vt 0.812479 0.432945
vt 0.844381 0.383021
vt 0.609182 0.329181
vt 0.609182 0.379105
vt 0.641084 0.329181
vt 0.962606 0.935123
vt 0.947594 0.935123
vt 0.962606 0.911629
vt 0.913190 0.749131
vt 0.913190 0.699207
vt 0.928202 0.699207
vt 0.641084 0.276320
vt 0.609182 0.276320
vt 0.609182 0.326244
vt 0.843756 0.857790
vt 0.811854 0.881283
vt 0.811854 0.857790
vt 0.507847 0.431966
vt 0.507847 0.382042
vt 0.539749 0.382042
vt 0.878160 0.591528
vt 0.863147 0.591528
vt 0.878160 0.541603
vt 0.590417 0.963511
vt 0.575404 0.963511
vt 0.575404 0.987005
vt 0.844381 0.221502
vt 0.844381 0.171578
vt 0.812479 0.221502
vt 0.980747 0.379105
vt 0.995759 0.355612
vt 0.980747 0.355612
vt 0.913190 0.696270
vt 0.913190 0.646346
vt 0.928202 0.646346
vt 0.542251 0.274362
vt 0.574153 0.224438
vt 0.574153 0.274362
vt 0.405260 0.829401
vt 0.373358 0.829401
vt 0.405260 0.805908
vt 0.609182 0.987005
vt 0.609182 0.963511
vt 0.624195 0.963511
vt 0.878160 0.224438
vt 0.846258 0.274362
vt 0.878160 0.274362
vt 0.778075 0.881283
vt 0.778075 0.857790
vt 0.809977 0.857790
vt 0.913190 0.593485
vt 0.913190 0.643409
vt 0.928202 0.593485
vt 0.961981 0.910650
vt 0.946968 0.934144
vt 0.946968 0.910650
vt 0.407137 0.062919
vt 0.439039 0.062919
vt 0.439039 0.012995
vt 0.641710 0.118717
vt 0.609808 0.168641
vt 0.641710 0.168641
vt 0.725531 0.937081
vt 0.710518 0.960575
vt 0.710518 0.937081
vt 0.878160 0.753047
vt 0.878160 0.776541
vt 0.846258 0.776541
vt 0.574153 0.858769
vt 0.542251 0.882262
vt 0.574153 0.882262
vt 0.641710 0.855832
vt 0.641710 0.832338
vt 0.609808 0.855832
vt 0.744297 0.857790
vt 0.776199 0.857790
vt 0.744297 0.881283
vt 0.863147 0.644388
vt 0.878160 0.594464
vt 0.878160 0.644388
vt 0.641710 0.776541
vt 0.609808 0.776541
vt 0.641710 0.753047
vt 0.844381 0.488743
vt 0.844381 0.538667
vt 0.812479 0.538667
vt 0.575404 0.329181
vt 0.575404 0.379105
vt 0.607306 0.329181
vt 0.542251 0.829401
vt 0.574153 0.829401
vt 0.574153 0.805908
vt 0.541625 0.379105
vt 0.573527 0.329181
vt 0.541625 0.329181
vt 0.575404 0.276320
vt 0.575404 0.326244
vt 0.607306 0.276320
vt 0.641710 0.964490
vt 0.641710 0.987984
vt 0.626697 0.987984
vt 0.844381 0.274362
vt 0.844381 0.224438
vt 0.812479 0.274362
vt 0.472817 0.700186
vt 0.440915 0.750110
vt 0.472817 0.750110
vt 0.928202 0.540624
vt 0.913190 0.540624
vt 0.913190 0.590549
vt 0.576029 0.274362
vt 0.607931 0.274362
vt 0.607931 0.224438
vt 0.575404 0.273384
vt 0.575404 0.223459
vt 0.607306 0.223459
vt 0.574153 0.647325
vt 0.542251 0.697249
vt 0.574153 0.697249
vt 0.675489 0.753047
vt 0.643587 0.776541
vt 0.675489 0.776541
vt 0.911938 0.012995
vt 0.911938 0.062919
vt 0.896926 0.062919
vt 0.474068 0.379105
vt 0.474068 0.329181
vt 0.505970 0.329181
vt 0.710518 0.857790
vt 0.710518 0.881283
vt 0.742420 0.857790
vt 0.575404 0.117738
vt 0.575404 0.167662
vt 0.607306 0.117738
vt 0.742420 0.937081
vt 0.727407 0.960575
vt 0.727407 0.937081
vt 0.913190 0.537688
vt 0.913190 0.487764
vt 0.928202 0.487764
vt 0.675489 0.750110
vt 0.643587 0.750110
vt 0.675489 0.700186
vt 0.439039 0.274362
vt 0.407137 0.274362
vt 0.439039 0.224438
vt 0.743046 0.700186
vt 0.743046 0.750110
vt 0.711144 0.750110
vt 0.861271 0.647325
vt 0.846258 0.697249
vt 0.861271 0.697249
vt 0.575404 0.114801
vt 0.575404 0.064877
vt 0.607306 0.064877
vt 0.405260 0.855832
vt 0.373358 0.855832
vt 0.405260 0.832338
vt 0.404635 0.329181
vt 0.372733 0.379105
vt 0.372733 0.329181
vt 0.744922 0.776541
vt 0.776824 0.753047
vt 0.776824 0.776541
vt 0.607306 0.012016
vt 0.575404 0.061940
vt 0.575404 0.012016
vt 0.676740 0.857790
vt 0.676740 0.881283
vt 0.708642 0.857790
vt 0.573527 0.223459
vt 0.541625 0.273384
vt 0.541625 0.223459
vt 0.913190 0.484827
vt 0.913190 0.434903
vt 0.928202 0.434903
vt 0.880036 0.697249
vt 0.895049 0.647325
vt 0.895049 0.697249
vt 0.541625 0.170599
vt 0.573527 0.170599
vt 0.541625 0.220523
vt 0.474068 0.276320
vt 0.474068 0.326244
vt 0.505970 0.276320
vt 0.778075 0.960575
vt 0.793088 0.937081
vt 0.778075 0.937081
vt 0.440290 0.326244
vt 0.440290 0.276320
vt 0.472192 0.276320
vt 0.439039 0.855832
vt 0.439039 0.832338
vt 0.407137 0.855832
vt 0.809977 0.937081
vt 0.794965 0.937081
vt 0.794965 0.960575
vt 0.674863 0.857790
vt 0.642961 0.881283
vt 0.642961 0.857790
vt 0.911938 0.488743
vt 0.896926 0.538667
vt 0.911938 0.538667
vt 0.372733 0.276320
vt 0.372733 0.326244
vt 0.404635 0.276320
vt 0.913190 0.431966
vt 0.928202 0.382042
vt 0.913190 0.382042
vt 0.609182 0.857790
vt 0.609182 0.881283
vt 0.641084 0.857790
vt 0.913190 0.379105
vt 0.913190 0.329181
vt 0.928202 0.329181
vt 0.539749 0.170599
vt 0.507847 0.220523
vt 0.507847 0.170599
vt 0.895049 0.750110
vt 0.895049 0.700186
vt 0.880036 0.750110
vt 0.978870 0.699207
vt 0.963857 0.699207
vt 0.963857 0.722701
vt 0.575404 0.881283
vt 0.575404 0.857790
vt 0.607306 0.857790
vt 0.928202 0.276320
vt 0.913190 0.276320
vt 0.913190 0.326244
vt 0.539749 0.064877
vt 0.507847 0.114801
vt 0.507847 0.064877
vt 0.541625 0.881283
vt 0.573527 0.857790
vt 0.541625 0.857790
vt 0.709267 0.221502
vt 0.709267 0.171578
vt 0.677365 0.221502
vt 0.928202 0.223459
vt 0.913190 0.273384
vt 0.913190 0.223459
vt 0.508472 0.062919
vt 0.540374 0.012995
vt 0.540374 0.062919
vt 0.507847 0.881283
vt 0.539749 0.857790
vt 0.507847 0.857790
vt 0.911938 0.118717
vt 0.911938 0.168641
vt 0.896926 0.168641
vt 0.913190 0.220523
vt 0.913190 0.170599
vt 0.928202 0.170599
vt 0.880036 0.485806
vt 0.895049 0.485806
vt 0.895049 0.435882
vt 0.505970 0.857790
vt 0.474068 0.881283
vt 0.474068 0.857790
vt 0.474068 0.114801
vt 0.474068 0.064877
vt 0.505970 0.064877
vt 0.913190 0.117738
vt 0.928202 0.117738
vt 0.913190 0.167662
vt 0.474068 0.061940
vt 0.505970 0.012016
vt 0.474068 0.012016
vt 0.440290 0.881283
vt 0.440290 0.857790
vt 0.472192 0.857790
vt 0.928202 0.064877
vt 0.913190 0.114801
vt 0.913190 0.064877
vt 0.406511 0.167662
vt 0.406511 0.117738
vt 0.438413 0.117738
vt 0.472192 0.064877
vt 0.440290 0.114801
vt 0.440290 0.064877
vt 0.440290 0.061940
vt 0.440290 0.012016
vt 0.472192 0.012016
vt 0.406511 0.881283
vt 0.406511 0.857790
vt 0.438413 0.857790
vt 0.913190 0.061940
vt 0.928202 0.012016
vt 0.913190 0.012016
vt 0.406511 0.061940
vt 0.438413 0.012016
vt 0.406511 0.012016
vt 0.930704 0.961554
vt 0.945717 0.961554
vt 0.945717 0.938060
vt 0.372733 0.064877
vt 0.372733 0.114801
vt 0.404635 0.064877
vt 0.372733 0.881283
vt 0.404635 0.857790
vt 0.372733 0.857790
vt 0.372733 0.061940
vt 0.372733 0.012016
vt 0.404635 0.012016
vt 0.896300 0.854853
vt 0.911313 0.804929
vt 0.896300 0.804929
vt 0.845632 0.854853
vt 0.877534 0.831359
vt 0.845632 0.831359
vt 0.963857 0.775562
vt 0.978870 0.752068
vt 0.963857 0.752068
vt 0.472817 0.964490
vt 0.457805 0.987984
vt 0.472817 0.987984
vt 0.978870 0.857790
vt 0.963857 0.881283
vt 0.963857 0.857790
vt 0.474068 0.801992
vt 0.474068 0.752068
vt 0.505970 0.752068
vt 0.861271 0.380084
vt 0.846258 0.380084
vt 0.861271 0.330160
vt 0.879411 0.854853
vt 0.894424 0.804929
vt 0.879411 0.804929
vt 0.576029 0.538667
vt 0.607931 0.488743
vt 0.607931 0.538667
vt 0.843756 0.831359
vt 0.811854 0.854853
vt 0.811854 0.831359
vt 0.845632 0.114801
vt 0.845632 0.064877
vt 0.877534 0.064877
vt 0.896300 0.801992
vt 0.911313 0.752068
vt 0.896300 0.752068
vt 0.405260 0.118717
vt 0.373358 0.168641
vt 0.405260 0.168641
vt 0.372733 0.752068
vt 0.372733 0.801992
vt 0.404635 0.752068
vt 0.877534 0.012016
vt 0.845632 0.061940
vt 0.845632 0.012016
vt 0.843756 0.699207
vt 0.811854 0.749131
vt 0.811854 0.699207
vt 0.811854 0.646346
vt 0.811854 0.696270
vt 0.843756 0.646346
vt 0.778075 0.699207
vt 0.809977 0.699207
vt 0.778075 0.749131
vt 0.506596 0.274362
vt 0.506596 0.224438
vt 0.474694 0.274362
vt 0.778075 0.854853
vt 0.778075 0.831359
vt 0.809977 0.831359
vt 0.896300 0.749131
vt 0.911313 0.699207
vt 0.896300 0.699207
vt 0.930079 0.937081
vt 0.945091 0.937081
vt 0.930079 0.960575
vt 0.710518 0.749131
vt 0.710518 0.699207
vt 0.742420 0.699207
vt 0.811854 0.487764
vt 0.811854 0.537688
vt 0.843756 0.487764
vt 0.744297 0.854853
vt 0.776199 0.831359
vt 0.744297 0.831359
vt 0.542251 0.062919
vt 0.574153 0.062919
vt 0.574153 0.012995
vt 0.642961 0.699207
vt 0.674863 0.699207
vt 0.642961 0.749131
vt 0.896300 0.696270
vt 0.896300 0.646346
vt 0.911313 0.646346
vt 0.710518 0.831359
vt 0.742420 0.831359
vt 0.710518 0.854853
vt 0.896300 0.643409
vt 0.911313 0.593485
vt 0.896300 0.593485
vt 0.676740 0.854853
vt 0.708642 0.831359
vt 0.676740 0.831359
vt 0.438413 0.963511
vt 0.423400 0.987005
vt 0.423400 0.963511
vt 0.896300 0.540624
vt 0.911313 0.540624
vt 0.896300 0.590549
vt 0.573527 0.699207
vt 0.541625 0.699207
vt 0.541625 0.749131
vt 0.539749 0.699207
vt 0.507847 0.699207
vt 0.507847 0.749131
vt 0.880036 0.221502
vt 0.895049 0.171578
vt 0.895049 0.221502
vt 0.674863 0.831359
vt 0.642961 0.854853
vt 0.642961 0.831359
vt 0.896300 0.487764
vt 0.911313 0.487764
vt 0.896300 0.537688
vt 0.811854 0.220523
vt 0.843756 0.170599
vt 0.811854 0.170599
vt 0.609182 0.831359
vt 0.641084 0.831359
vt 0.609182 0.854853
vt 0.843756 0.117738
vt 0.811854 0.117738
vt 0.811854 0.167662
vt 0.776824 0.062919
vt 0.744922 0.062919
vt 0.776824 0.012995
vt 0.811854 0.114801
vt 0.811854 0.064877
vt 0.843756 0.064877
vt 0.406511 0.699207
vt 0.438413 0.699207
vt 0.406511 0.749131
vt 0.440915 0.485806
vt 0.472817 0.485806
vt 0.472817 0.435882
vt 0.911313 0.434903
vt 0.896300 0.434903
vt 0.896300 0.484827
vt 0.776824 0.829401
vt 0.776824 0.805908
vt 0.744922 0.829401
vt 0.575404 0.854853
vt 0.607306 0.831359
vt 0.575404 0.831359
vt 0.896300 0.382042
vt 0.896300 0.431966
vt 0.911313 0.382042
vt 0.980747 0.091307
vt 0.980747 0.114801
vt 0.995759 0.091307
vt 0.744297 0.696270
vt 0.776199 0.646346
vt 0.744297 0.646346
vt 0.710518 0.646346
vt 0.710518 0.696270
vt 0.742420 0.646346
vt 0.778075 0.590549
vt 0.778075 0.540624
vt 0.809977 0.540624
vt 0.541625 0.854853
vt 0.541625 0.831359
vt 0.573527 0.831359
vt 0.778075 0.487764
vt 0.809977 0.487764
vt 0.778075 0.537688
vt 0.809977 0.434903
vt 0.778075 0.484827
vt 0.778075 0.434903
vt 0.609182 0.696270
vt 0.609182 0.646346
vt 0.641084 0.646346
vt 0.677365 0.829401
vt 0.709267 0.805908
vt 0.709267 0.829401
vt 0.541625 0.696270
vt 0.541625 0.646346
vt 0.573527 0.646346
vt 0.896300 0.329181
vt 0.911313 0.329181
vt 0.896300 0.379105
vt 0.505970 0.646346
vt 0.474068 0.646346
vt 0.474068 0.696270
vt 0.641710 0.012995
vt 0.641710 0.062919
vt 0.609808 0.062919
vt 0.778075 0.220523
vt 0.809977 0.170599
vt 0.778075 0.170599
vt 0.472192 0.963511
vt 0.457179 0.963511
vt 0.457179 0.987005
vt 0.507847 0.831359
vt 0.507847 0.854853
vt 0.539749 0.831359
vt 0.911938 0.115780
vt 0.911938 0.065856
vt 0.896926 0.115780
vt 0.911313 0.276320
vt 0.896300 0.326244
vt 0.896300 0.276320
vt 0.744297 0.590549
vt 0.776199 0.540624
vt 0.744297 0.540624
vt 0.995759 0.197029
vt 0.980747 0.197029
vt 0.980747 0.220523
vt 0.474068 0.854853
vt 0.474068 0.831359
vt 0.505970 0.831359
vt 0.744297 0.379105
vt 0.776199 0.329181
vt 0.744297 0.329181
vt 0.896300 0.273384
vt 0.896300 0.223459
vt 0.911313 0.223459
vt 0.472192 0.831359
vt 0.440290 0.831359
vt 0.440290 0.854853
vt 0.896300 0.170599
vt 0.911313 0.170599
vt 0.896300 0.220523
vt 0.995759 0.249890
vt 0.980747 0.273384
vt 0.980747 0.249890
vt 0.406511 0.831359
vt 0.406511 0.854853
vt 0.438413 0.831359
vt 0.896300 0.117738
vt 0.911313 0.117738
vt 0.896300 0.167662
vt 0.642961 0.540624
vt 0.642961 0.590549
vt 0.674863 0.540624
vt 0.372733 0.854853
vt 0.404635 0.831359
vt 0.372733 0.831359
vt 0.472817 0.805908
vt 0.440915 0.829401
vt 0.472817 0.829401
vt 0.911313 0.064877
vt 0.896300 0.064877
vt 0.896300 0.114801
vt 0.710518 0.170599
vt 0.710518 0.220523
vt 0.742420 0.170599
vt 0.709267 0.012995
vt 0.709267 0.062919
vt 0.677365 0.062919
vt 0.438413 0.540624
vt 0.406511 0.540624
vt 0.406511 0.590549
vt 0.877534 0.804929
vt 0.845632 0.828422
vt 0.845632 0.804929
vt 0.911313 0.012016
vt 0.896300 0.061940
vt 0.896300 0.012016
vt 0.676740 0.487764
vt 0.676740 0.537688
vt 0.708642 0.487764
vt 0.575404 0.537688
vt 0.607306 0.487764
vt 0.575404 0.487764
vt 0.843756 0.804929
vt 0.811854 0.804929
vt 0.811854 0.828422
vt 0.708642 0.170599
vt 0.676740 0.170599
vt 0.676740 0.220523
vt 0.676740 0.061940
vt 0.708642 0.012016
vt 0.676740 0.012016
vt 0.894424 0.752068
vt 0.879411 0.801992
vt 0.879411 0.752068
vt 0.642961 0.329181
vt 0.642961 0.379105
vt 0.674863 0.329181
vt 0.642961 0.326244
vt 0.642961 0.276320
vt 0.674863 0.276320
vt 0.778075 0.804929
vt 0.809977 0.804929
vt 0.778075 0.828422
vt 0.642961 0.220523
vt 0.674863 0.170599
vt 0.642961 0.170599
vt 0.440290 0.434903
vt 0.472192 0.434903
vt 0.440290 0.484827
vt 0.894424 0.699207
vt 0.879411 0.699207
vt 0.879411 0.749131
vt 0.575404 0.382042
vt 0.575404 0.431966
vt 0.607306 0.382042
vt 0.744297 0.804929
vt 0.776199 0.804929
vt 0.744297 0.828422
vt 0.879411 0.696270
vt 0.879411 0.646346
vt 0.894424 0.646346
vt 0.609182 0.117738
vt 0.609182 0.167662
vt 0.641084 0.117738
vt 0.406511 0.382042
vt 0.438413 0.382042
vt 0.406511 0.431966
vt 0.609182 0.012016
vt 0.641084 0.012016
vt 0.609182 0.061940
vt 0.880036 0.115780
vt 0.895049 0.115780
vt 0.895049 0.065856
vt 0.776824 0.802971
vt 0.744922 0.802971
vt 0.776824 0.779477
vt 0.861271 0.594464
vt 0.846258 0.644388
vt 0.861271 0.644388
vt 0.710518 0.804929
vt 0.742420 0.804929
vt 0.710518 0.828422
vt 0.879411 0.643409
vt 0.894424 0.593485
vt 0.879411 0.593485
vt 0.438413 0.329181
vt 0.406511 0.379105
vt 0.406511 0.329181
vt 0.676740 0.828422
vt 0.676740 0.804929
vt 0.708642 0.804929
vt 0.894424 0.540624
vt 0.879411 0.590549
vt 0.879411 0.540624
vt 0.541625 0.963511
vt 0.541625 0.987005
vt 0.556638 0.963511
vt 0.541625 0.061940
vt 0.541625 0.012016
vt 0.573527 0.012016
vt 0.507847 0.273384
vt 0.507847 0.223459
vt 0.539749 0.223459
vt 0.505970 0.223459
vt 0.474068 0.223459
vt 0.474068 0.273384
vt 0.963857 0.646346
vt 0.978870 0.646346
vt 0.963857 0.669840
vt 0.609808 0.644388
vt 0.641710 0.644388
vt 0.641710 0.594464
vt 0.642961 0.828422
vt 0.642961 0.804929
vt 0.674863 0.804929
vt 0.507847 0.061940
vt 0.539749 0.012016
vt 0.507847 0.012016
vt 0.980747 0.012016
vt 0.980747 0.035510
vt 0.995759 0.012016
vt 0.505970 0.170599
vt 0.474068 0.170599
vt 0.474068 0.220523
vt 0.474068 0.167662
vt 0.474068 0.117738
vt 0.505970 0.117738
vt 0.879411 0.537688
vt 0.894424 0.487764
vt 0.879411 0.487764
vt 0.609182 0.828422
vt 0.641084 0.804929
vt 0.609182 0.804929
vt 0.894424 0.434903
vt 0.879411 0.434903
vt 0.879411 0.484827
vt 0.539749 0.963511
vt 0.524736 0.987005
vt 0.524736 0.963511
vt 0.607306 0.804929
vt 0.575404 0.828422
vt 0.575404 0.804929
vt 0.438413 0.064877
vt 0.406511 0.064877
vt 0.406511 0.114801
vt 0.541625 0.752068
vt 0.541625 0.801992
vt 0.573527 0.752068
vt 0.877534 0.276320
vt 0.845632 0.276320
vt 0.845632 0.326244
vt 0.894424 0.382042
vt 0.879411 0.382042
vt 0.879411 0.431966
vt 0.541625 0.804929
vt 0.573527 0.804929
vt 0.541625 0.828422
vt 0.472192 0.752068
vt 0.440290 0.752068
vt 0.440290 0.801992
vt 0.980747 0.352675
vt 0.980747 0.329181
vt 0.995759 0.329181
vt 0.879411 0.329181
vt 0.879411 0.379105
vt 0.894424 0.329181
vt 0.405260 0.541603
vt 0.405260 0.591528
vt 0.373358 0.591528
vt 0.592293 0.963511
vt 0.592293 0.987005
vt 0.607306 0.963511
vt 0.676740 0.699207
vt 0.708642 0.699207
vt 0.676740 0.749131
vt 0.811854 0.434903
vt 0.811854 0.484827
vt 0.843756 0.434903
vt 0.641084 0.699207
vt 0.609182 0.699207
vt 0.609182 0.749131
vt 0.507847 0.828422
vt 0.507847 0.804929
vt 0.539749 0.804929
vt 0.811854 0.329181
vt 0.811854 0.379105
vt 0.843756 0.329181
vt 0.879411 0.326244
vt 0.894424 0.276320
vt 0.879411 0.276320
vt 0.474068 0.828422
vt 0.474068 0.804929
vt 0.505970 0.804929
vt 0.474068 0.699207
vt 0.505970 0.699207
vt 0.474068 0.749131
vt 0.440290 0.699207
vt 0.440290 0.749131
vt 0.472192 0.699207
vt 0.894424 0.223459
vt 0.879411 0.273384
vt 0.879411 0.223459
vt 0.641084 0.963511
vt 0.626072 0.987005
vt 0.626072 0.963511
vt 0.440290 0.828422
vt 0.472192 0.804929
vt 0.440290 0.804929
vt 0.676740 0.696270
vt 0.708642 0.646346
vt 0.676740 0.646346
vt 0.879411 0.170599
vt 0.879411 0.220523
vt 0.894424 0.170599
vt 0.406511 0.804929
vt 0.406511 0.828422
vt 0.438413 0.804929
vt 0.742420 0.593485
vt 0.710518 0.643409
vt 0.710518 0.593485
vt 0.641084 0.593485
vt 0.609182 0.643409
vt 0.609182 0.593485
vt 0.508472 0.327223
vt 0.540374 0.327223
vt 0.540374 0.277299
vt 0.894424 0.117738
vt 0.879411 0.167662
vt 0.879411 0.117738
vt 0.372733 0.828422
vt 0.404635 0.804929
vt 0.372733 0.804929
vt 0.879411 0.114801
vt 0.894424 0.064877
vt 0.879411 0.064877
vt 0.744297 0.012016
vt 0.744297 0.061940
vt 0.776199 0.012016
vt 0.878160 0.435882
vt 0.878160 0.485806
vt 0.863147 0.485806
vt 0.845632 0.778498
vt 0.845632 0.801992
vt 0.877534 0.778498
vt 0.507847 0.540624
vt 0.507847 0.590549
vt 0.539749 0.540624
vt 0.474068 0.540624
vt 0.474068 0.590549
vt 0.505970 0.540624
vt 0.742420 0.012016
vt 0.710518 0.012016
vt 0.710518 0.061940
vt 0.372733 0.540624
vt 0.404635 0.540624
vt 0.372733 0.590549
vt 0.879411 0.061940
vt 0.894424 0.012016
vt 0.879411 0.012016
vt 0.877534 0.752068
vt 0.845632 0.775562
vt 0.845632 0.752068
vt 0.862522 0.749131
vt 0.862522 0.699207
vt 0.877534 0.699207
vt 0.642961 0.117738
vt 0.642961 0.167662
vt 0.674863 0.117738
vt 0.811854 0.801992
vt 0.811854 0.778498
vt 0.843756 0.778498
vt 0.474068 0.431966
vt 0.505970 0.382042
vt 0.474068 0.382042
vt 0.862522 0.646346
vt 0.877534 0.646346
vt 0.862522 0.696270
vt 0.575404 0.220523
vt 0.575404 0.170599
vt 0.607306 0.170599
vt 0.541625 0.276320
vt 0.573527 0.276320
vt 0.541625 0.326244
vt 0.507847 0.326244
vt 0.539749 0.276320
vt 0.507847 0.276320
vt 0.778075 0.801992
vt 0.778075 0.778498
vt 0.809977 0.778498
vt 0.862522 0.643409
vt 0.862522 0.593485
vt 0.877534 0.593485
vt 0.744297 0.801992
vt 0.776199 0.778498
vt 0.744297 0.778498
vt 0.711144 0.776541
vt 0.743046 0.776541
vt 0.743046 0.753047
vt 0.877534 0.540624
vt 0.862522 0.540624
vt 0.862522 0.590549
vt 0.404635 0.117738
vt 0.372733 0.167662
vt 0.372733 0.117738
vt 0.877534 0.223459
vt 0.845632 0.223459
vt 0.845632 0.273384
vt 0.845632 0.167662
vt 0.845632 0.117738
vt 0.877534 0.117738
vt 0.710518 0.778498
vt 0.710518 0.801992
vt 0.742420 0.778498
vt 0.843756 0.382042
vt 0.811854 0.382042
vt 0.811854 0.431966
vt 0.862522 0.487764
vt 0.877534 0.487764
vt 0.862522 0.537688
vt 0.676740 0.801992
vt 0.676740 0.778498
vt 0.708642 0.778498
vt 0.778701 0.697249
vt 0.810603 0.647325
vt 0.810603 0.697249
vt 0.372733 0.699207
vt 0.404635 0.699207
vt 0.372733 0.749131
vt 0.439039 0.171578
vt 0.439039 0.221502
vt 0.407137 0.221502
vt 0.862522 0.484827
vt 0.862522 0.434903
vt 0.877534 0.434903
vt 0.642961 0.801992
vt 0.642961 0.778498
vt 0.674863 0.778498
vt 0.406511 0.696270
vt 0.438413 0.646346
vt 0.406511 0.646346
vt 0.744297 0.326244
vt 0.776199 0.276320
vt 0.744297 0.276320
vt 0.862522 0.431966
vt 0.877534 0.382042
vt 0.862522 0.382042
vt 0.641710 0.802971
vt 0.609808 0.802971
vt 0.641710 0.779477
vt 0.744297 0.167662
vt 0.744297 0.117738
vt 0.776199 0.117738
vt 0.761186 0.960575
vt 0.776199 0.937081
vt 0.761186 0.937081
vt 0.676740 0.273384
vt 0.708642 0.223459
vt 0.676740 0.223459
vt 0.963857 0.934144
vt 0.978870 0.910650
vt 0.963857 0.910650
vt 0.474068 0.484827
vt 0.505970 0.434903
vt 0.474068 0.434903
vt 0.573527 0.382042
vt 0.541625 0.431966
vt 0.541625 0.382042
vt 0.641084 0.778498
vt 0.609182 0.801992
vt 0.609182 0.778498
vt 0.862522 0.379105
vt 0.862522 0.329181
vt 0.877534 0.329181
vt 0.607306 0.778498
vt 0.575404 0.801992
vt 0.575404 0.778498
vt 0.438413 0.170599
vt 0.406511 0.170599
vt 0.406511 0.220523
vt 0.845632 0.699207
vt 0.845632 0.749131
vt 0.860645 0.699207
vt 0.843756 0.752068
vt 0.811854 0.775562
vt 0.811854 0.752068
vt 0.860645 0.646346
vt 0.845632 0.696270
vt 0.845632 0.646346
vt 0.809977 0.752068
vt 0.778075 0.775562
vt 0.778075 0.752068
vt 0.860645 0.593485
vt 0.845632 0.643409
vt 0.845632 0.593485
vt 0.778075 0.276320
vt 0.778075 0.326244
vt 0.809977 0.276320
vt 0.744297 0.775562
vt 0.776199 0.752068
vt 0.744297 0.752068
vt 0.860645 0.540624
vt 0.845632 0.540624
vt 0.845632 0.590549
vt 0.406511 0.223459
vt 0.406511 0.273384
vt 0.438413 0.223459
vt 0.472192 0.170599
vt 0.440290 0.170599
vt 0.440290 0.220523
vt 0.843756 0.937081
vt 0.828743 0.937081
vt 0.828743 0.960575
vt 0.742420 0.752068
vt 0.710518 0.775562
vt 0.710518 0.752068
vt 0.811854 0.276320
vt 0.811854 0.326244
vt 0.843756 0.276320
vt 0.845632 0.487764
vt 0.845632 0.537688
vt 0.860645 0.487764
vt 0.676740 0.752068
vt 0.708642 0.752068
vt 0.676740 0.775562
vt 0.744297 0.273384
vt 0.744297 0.223459
vt 0.776199 0.223459
vt 0.980747 0.117738
vt 0.980747 0.141231
vt 0.995759 0.117738
vt 0.845632 0.484827
vt 0.860645 0.434903
vt 0.845632 0.434903
vt 0.642961 0.775562
vt 0.674863 0.752068
vt 0.642961 0.752068
vt 0.860645 0.382042
vt 0.845632 0.431966
vt 0.845632 0.382042
vt 0.609182 0.775562
vt 0.609182 0.752068
vt 0.641084 0.752068
vt 0.811854 0.223459
vt 0.843756 0.223459
vt 0.811854 0.273384
vt 0.778075 0.646346
vt 0.778075 0.696270
vt 0.809977 0.646346
vt 0.860645 0.329181
vt 0.845632 0.329181
vt 0.845632 0.379105
vt 0.811854 0.643409
vt 0.843756 0.593485
vt 0.811854 0.593485
vt 0.641084 0.064877
vt 0.609182 0.064877
vt 0.609182 0.114801
vt 0.275614 0.955182
vt 0.275614 0.895991
vt 0.232345 0.895991
vt 0.232345 0.955182
vt 0.320588 0.924607
vt 0.341541 0.805246
vt 0.341541 0.924607
vt 0.319566 0.866396
vt 0.276637 0.924607
vt 0.319566 0.924607
vt 0.121785 0.376219
vt 0.100491 0.376219
vt 0.100491 0.496560
vt 0.121785 0.496560
vt 0.099810 0.132600
vt 0.056881 0.190812
vt 0.099810 0.190812
vt 0.099810 0.251961
vt 0.099810 0.192770
vt 0.056540 0.192770
vt 0.056540 0.251961
vt 0.320588 0.802308
vt 0.341541 0.682947
vt 0.341541 0.802308
vt 0.056540 0.189832
vt 0.099469 0.131621
vt 0.056540 0.131621
vt 0.341200 0.804267
vt 0.320248 0.923628
vt 0.320248 0.804267
vt 0.231663 0.896971
vt 0.188735 0.955182
vt 0.231663 0.955182
vt 0.320588 0.680009
vt 0.341541 0.680009
vt 0.341541 0.560648
vt 0.331576 0.068512
vt 0.352529 0.068512
vt 0.352529 0.010301
vt 0.352188 0.009322
vt 0.331235 0.009322
vt 0.331235 0.067533
vt 0.331576 0.190812
vt 0.352529 0.190812
vt 0.352529 0.132600
vt 0.319566 0.437369
vt 0.298272 0.437369
vt 0.298272 0.496560
vt 0.319566 0.496560
vt 0.231663 0.009322
vt 0.210369 0.009322
vt 0.210369 0.251961
vt 0.231663 0.251961
vt 0.099810 0.618859
vt 0.099810 0.559668
vt 0.012589 0.559668
vt 0.012589 0.618859
vt 0.231663 0.253920
vt 0.210369 0.253920
vt 0.210369 0.496560
vt 0.231663 0.496560
vt 0.099810 0.496560
vt 0.099810 0.437369
vt 0.012589 0.437369
vt 0.012589 0.496560
vt 0.187712 0.253920
vt 0.166418 0.253920
vt 0.166418 0.496560
vt 0.187712 0.496560
vt 0.319566 0.557709
vt 0.319566 0.498519
vt 0.276296 0.498519
vt 0.276296 0.557709
vt 0.143761 0.376219
vt 0.122467 0.376219
vt 0.122467 0.496560
vt 0.143761 0.496560
vt 0.319566 0.618859
vt 0.319566 0.559668
vt 0.276296 0.559668
vt 0.276296 0.618859
vt 0.342564 0.282536
vt 0.352529 0.282536
vt 0.352529 0.254899
vt 0.188394 0.954203
vt 0.231322 0.895991
vt 0.188394 0.895991
vt 0.352529 0.499498
vt 0.331576 0.557709
vt 0.352529 0.557709
vt 0.352529 0.071451
vt 0.331576 0.129662
vt 0.352529 0.129662
vt 0.297590 0.620818
vt 0.276296 0.620818
vt 0.276296 0.741158
vt 0.297590 0.741158
vt 0.352188 0.498519
vt 0.331235 0.556730
vt 0.331235 0.498519
vt 0.352188 0.070471
vt 0.331235 0.128683
vt 0.331235 0.070471
vt 0.341200 0.681967
vt 0.320248 0.801329
vt 0.320248 0.681967
vt 0.276296 0.923628
vt 0.319225 0.865416
vt 0.276296 0.865416
vt 0.352188 0.131621
vt 0.331235 0.131621
vt 0.331235 0.189832
vt 0.100832 0.939895
vt 0.105303 0.939895
vt 0.105303 0.927545
vt 0.352529 0.437369
vt 0.331235 0.437369
vt 0.331235 0.496560
vt 0.352529 0.496560
vt 0.352529 0.376219
vt 0.331235 0.376219
vt 0.331235 0.435410
vt 0.352529 0.435410
vt 0.089845 0.955182
vt 0.099810 0.955182
vt 0.099810 0.927545
vt 0.319566 0.802308
vt 0.319566 0.743117
vt 0.276296 0.743117
vt 0.276296 0.802308
vt 0.319566 0.009322
vt 0.298272 0.009322
vt 0.298272 0.129662
vt 0.319566 0.129662
vt 0.352188 0.253920
vt 0.342223 0.253920
vt 0.342223 0.281557
vt 0.319566 0.863458
vt 0.319566 0.804267
vt 0.276296 0.804267
vt 0.276296 0.863458
vt 0.319566 0.131621
vt 0.298272 0.131621
vt 0.298272 0.251961
vt 0.319566 0.251961
vt 0.099469 0.926566
vt 0.089504 0.926566
vt 0.089504 0.954203
vt 0.341541 0.313111
vt 0.341541 0.253920
vt 0.298272 0.253920
vt 0.298272 0.313111
vt 0.319566 0.315070
vt 0.298272 0.315070
vt 0.298272 0.435410
vt 0.319566 0.435410
vt 0.100491 0.938915
vt 0.104962 0.926566
vt 0.100491 0.926566
vt 0.143761 0.924607
vt 0.143761 0.865416
vt 0.100491 0.865416
vt 0.100491 0.924607
vt 0.319566 0.620818
vt 0.298272 0.620818
vt 0.298272 0.741158
vt 0.319566 0.741158
vt 0.099810 0.680009
vt 0.099810 0.620818
vt 0.012589 0.620818
vt 0.012589 0.680009
vt 0.253639 0.253920
vt 0.232345 0.253920
vt 0.232345 0.496560
vt 0.253639 0.496560
vt 0.320248 0.559668
vt 0.341200 0.559668
vt 0.320248 0.679029
vt 0.187712 0.680009
vt 0.187712 0.620818
vt 0.100491 0.620818
vt 0.100491 0.680009
vt 0.275614 0.009322
vt 0.254321 0.009322
vt 0.254321 0.251961
vt 0.275614 0.251961
vt 0.099810 0.741158
vt 0.099810 0.681967
vt 0.012589 0.681967
vt 0.012589 0.741158
vt 0.275614 0.253920
vt 0.254321 0.253920
vt 0.254321 0.496560
vt 0.275614 0.496560
vt 0.187712 0.741158
vt 0.187712 0.681967
vt 0.100491 0.681967
vt 0.100491 0.741158
vt 0.209688 0.498519
vt 0.188394 0.498519
vt 0.188394 0.741158
vt 0.209688 0.741158
vt 0.099810 0.802308
vt 0.099810 0.743117
vt 0.012589 0.743117
vt 0.012589 0.802308
vt 0.231663 0.498519
vt 0.210369 0.498519
vt 0.210369 0.741158
vt 0.231663 0.741158
vt 0.187712 0.802308
vt 0.187712 0.743117
vt 0.100491 0.743117
vt 0.100491 0.802308
vt 0.253639 0.498519
vt 0.232345 0.498519
vt 0.232345 0.741158
vt 0.253639 0.741158
vt 0.352529 0.315070
vt 0.331235 0.315070
vt 0.331235 0.374261
vt 0.352529 0.374261
vt 0.099810 0.863458
vt 0.099810 0.804267
vt 0.012589 0.804267
vt 0.012589 0.863458
vt 0.275614 0.498519
vt 0.254321 0.498519
vt 0.254321 0.741158
vt 0.275614 0.741158
vt 0.187712 0.863458
vt 0.187712 0.804267
vt 0.100491 0.804267
vt 0.100491 0.863458
vt 0.055858 0.955182
vt 0.055858 0.927545
vt 0.034906 0.955182
vt 0.297590 0.009322
vt 0.276296 0.009322
vt 0.276296 0.251961
vt 0.297590 0.251961
vt 0.275614 0.863458
vt 0.275614 0.804267
vt 0.188394 0.804267
vt 0.188394 0.863458
vt 0.012930 0.985757
vt 0.033883 0.985757
vt 0.033883 0.927545
vt 0.297590 0.253920
vt 0.276296 0.253920
vt 0.276296 0.496560
vt 0.297590 0.496560
vt 0.099810 0.924607
vt 0.099810 0.865416
vt 0.012589 0.865416
vt 0.012589 0.924607
vt 0.033542 0.926566
vt 0.012589 0.926566
vt 0.012589 0.984778
vt 0.121785 0.009322
vt 0.100491 0.009322
vt 0.100491 0.251961
vt 0.121785 0.251961
vt 0.099810 0.435410
vt 0.099810 0.376219
vt 0.012589 0.376219
vt 0.012589 0.435410
vt 0.143761 0.009322
vt 0.122467 0.009322
vt 0.122467 0.251961
vt 0.143761 0.251961
vt 0.143761 0.374261
vt 0.143761 0.315070
vt 0.056540 0.315070
vt 0.056540 0.374261
vt 0.165736 0.009322
vt 0.144443 0.009322
vt 0.144443 0.251961
vt 0.165736 0.251961
vt 0.143761 0.313111
vt 0.143761 0.253920
vt 0.056540 0.253920
vt 0.056540 0.313111
vt 0.055858 0.131621
vt 0.012589 0.131621
vt 0.012589 0.374261
vt 0.055858 0.374261
vt 0.099810 0.129662
vt 0.099810 0.009322
vt 0.012589 0.009322
vt 0.012589 0.129662
vt 0.187712 0.009322
vt 0.166418 0.009322
vt 0.166418 0.251961
vt 0.187712 0.251961
vt 0.144443 0.924607
vt 0.187712 0.924607
vt 0.187712 0.865416
vt 0.144443 0.865416
vt 0.352529 0.192770
vt 0.331235 0.192770
vt 0.331235 0.251961
vt 0.352529 0.251961
vt 0.088822 0.926566
vt 0.078516 0.926566
vt 0.078516 0.955182
vt 0.088822 0.955182
vt 0.330553 0.009322
vt 0.320248 0.009322
vt 0.320248 0.251961
vt 0.330553 0.251961
vt 0.187712 0.557709
vt 0.187712 0.498519
vt 0.100491 0.498519
vt 0.100491 0.557709
vt 0.209688 0.009322
vt 0.188394 0.009322
vt 0.188394 0.251961
vt 0.209688 0.251961
vt 0.077834 0.926566
vt 0.067528 0.926566
vt 0.067528 0.955182
vt 0.077834 0.955182
vt 0.099810 0.557709
vt 0.099810 0.498519
vt 0.012589 0.498519
vt 0.012589 0.557709
vt 0.165736 0.253920
vt 0.144443 0.253920
vt 0.144443 0.496560
vt 0.165736 0.496560
vt 0.275614 0.802308
vt 0.275614 0.743117
vt 0.188394 0.743117
vt 0.188394 0.802308
vt 0.034565 0.926566
vt 0.034565 0.954203
vt 0.055517 0.926566
vt 0.253639 0.009322
vt 0.232345 0.009322
vt 0.232345 0.251961
vt 0.253639 0.251961
vt 0.187712 0.618859
vt 0.187712 0.559668
vt 0.100491 0.559668
vt 0.100491 0.618859
vt 0.066846 0.926566
vt 0.056540 0.926566
vt 0.056540 0.955182
vt 0.066846 0.955182
vt 0.209688 0.253920
vt 0.188394 0.253920
vt 0.188394 0.496560
vt 0.209688 0.496560
vt 0.275614 0.894032
vt 0.275614 0.865416
vt 0.188394 0.865416
vt 0.188394 0.894032
vt 0.330553 0.315070
vt 0.320248 0.315070
vt 0.320248 0.557709
vt 0.330553 0.557709
vn 0.8431 0.2769 0.4610
vn 0.3624 0.1625 0.9177
vn -0.2620 -0.8251 -0.5005
vn 0.7624 -0.6471 -0.0032
vn 0.4237 -0.8823 -0.2049
vn 0.0179 -0.8836 0.4678
vn 0.2178 0.5639 0.7966
vn 0.0281 -0.9137 0.4054
vn 0.2757 -0.9150 -0.2947
vn 0.7954 -0.2901 0.5321
vn -0.5811 0.1353 0.8025
vn -0.0702 0.6639 0.7445
vn 0.0105 -0.7009 -0.7132
vn -0.4409 -0.2906 0.8492
vn -0.9637 -0.1988 -0.1782
vn -0.1827 -0.2638 -0.9471
vn -0.8936 0.2397 0.3794
vn -0.4501 -0.8786 0.1593
vn -0.1227 0.4894 0.8634
vn -0.2507 0.8268 0.5035
vn -0.4598 0.7631 0.4542
vn 0.3745 -0.3727 0.8490
vn 0.1988 0.6885 0.6975
vn -0.4757 -0.4346 0.7647
vn -0.6919 -0.5517 0.4657
vn -0.6739 0.5704 0.4696
vn 0.3961 0.5008 -0.7696
vn -0.6398 0.5339 0.5528
vn -0.4293 -0.6402 0.6370
vn 0.4460 0.3771 0.8117
vn -0.1384 -0.9345 -0.3281
vn -0.0748 0.9307 0.3582
vn 0.1037 0.7034 0.7032
vn -0.5047 -0.6844 0.5262
vn 0.4034 -0.3659 0.8387
vn -0.0388 0.2542 0.9664
vn 0.4204 0.4466 -0.7898
vn -0.2537 -0.9354 0.2462
vn -0.4146 0.8800 0.2318
vn -0.7198 0.6674 0.1910
vn 0.6403 0.4994 0.5836
vn 0.4236 0.4200 0.8026
vn -0.4602 0.2946 0.8375
vn -0.3684 -0.4671 -0.8038
vn -0.0363 0.8843 -0.4655
vn -0.3852 0.0301 -0.9223
vn -0.5861 -0.2194 0.7799
vn -0.5818 -0.7009 -0.4127
vn 0.7030 -0.6545 -0.2783
vn -0.9512 -0.2144 -0.2218
vn 0.1447 0.7512 -0.6441
vn 0.6474 -0.7336 0.2064
vn -0.6024 -0.0889 0.7932
vn 0.1122 -0.1761 0.9780
vn -0.8038 -0.4389 0.4015
vn -0.6954 -0.5212 0.4948
vn -0.5303 -0.6474 -0.5474
vn -0.1470 -0.9875 0.0572
vn -0.8979 -0.3988 0.1861
vn -0.2566 -0.9267 -0.2747
vn -0.5699 -0.7160 -0.4032
vn -0.1108 0.3421 0.9331
vn 0.3812 0.4040 0.8316
vn -0.7549 0.1428 0.6401
vn -0.9053 0.4241 -0.0239
vn 0.7106 0.4224 0.5627
vn 0.5953 0.6042 0.5296
vn -0.3498 0.3887 0.8524
vn -0.7512 -0.4733 -0.4601
vn 0.9478 0.3181 0.0213
vn -0.3916 -0.7640 0.5128
vn 0.2502 -0.9426 -0.2214
vn -0.9294 0.1665 0.3295
vn -0.2900 -0.9545 -0.0698
vn 0.9249 -0.3795 -0.0231
vn -0.2924 -0.0998 0.9511
vn 0.4535 -0.2077 0.8667
vn 0.4635 0.6579 0.5936
vn 0.5486 0.7127 0.4372
vn -0.2224 0.6150 0.7565
vn -0.9325 -0.2358 -0.2736
vn 0.5718 -0.4925 0.6561
vn -0.5619 -0.8223 0.0906
vn -0.2876 -0.7224 -0.6288
vn -0.9392 -0.2896 -0.1844
vn 0.1589 -0.9610 0.2263
vn -0.4946 -0.7576 0.4260
vn -0.4335 0.2844 0.8551
vn 0.0998 0.9600 0.2615
vn 0.2450 0.3039 0.9207
vn -0.3824 0.2479 0.8901
vn -0.2496 0.9677 0.0339
vn -0.6555 -0.3522 -0.6681
vn -0.0858 0.3842 -0.9192
vn -0.0160 0.7995 -0.6005
vn -0.9186 -0.3108 -0.2440
vn -0.4523 -0.2562 -0.8543
vn 0.2536 0.2790 0.9262
vn -0.5538 -0.4291 -0.7135
vn -0.5550 0.1398 -0.8200
vn -0.3581 -0.4850 -0.7978
vn 0.2357 -0.6815 -0.6928
vn -0.3021 -0.9496 -0.0840
vn -0.5055 -0.2471 0.8267
vn -0.5834 -0.7404 0.3338
vn -0.5996 -0.1071 -0.7931
vn 0.1718 0.9571 -0.2332
vn -0.4523 -0.6668 -0.5922
vn -0.2138 -0.5247 -0.8240
vn -0.8694 -0.4887 0.0732
vn -0.7630 -0.1747 -0.6224
vn -0.9415 0.3143 0.1217
vn 0.0286 0.2971 -0.9544
vn -0.3058 0.8204 -0.4832
vn -0.2260 0.8674 0.4433
vn 0.0564 -0.7374 -0.6731
vn -0.3656 -0.5400 -0.7581
vn -0.6377 0.5711 -0.5169
vn -0.8933 -0.1967 -0.4041
vn -0.1009 0.8131 -0.5733
vn -0.1009 0.8130 -0.5734
vn -0.1008 0.8130 -0.5735
vn 0.3395 -0.8700 -0.3576
vn -0.2081 -0.9471 0.2443
vn -0.0711 0.9155 0.3960
vn 0.3774 -0.9192 -0.1122
vn -0.1615 -0.9345 0.3171
vn 0.3063 -0.3334 0.8916
vn 0.7586 -0.4379 -0.4825
vn 0.0043 0.7656 0.6433
vn 0.7280 -0.6778 -0.1030
vn 0.5511 -0.4345 -0.7124
vn 0.2454 -0.9510 -0.1880
vn 0.4556 -0.8573 0.2398
vn 0.2365 -0.9573 0.1660
vn -0.0400 -0.8971 0.4399
vn 0.8507 0.1497 -0.5038
vn 0.3248 -0.6281 0.7071
vn 0.8813 0.2463 0.4033
vn 0.5566 -0.6980 -0.4505
vn -0.1009 0.8132 -0.5732
vn -0.0593 -0.0746 0.9955
vn 0.1670 -0.6633 0.7295
vn 0.4958 -0.2144 0.8416
vn 0.6945 -0.3252 -0.6418
vn 0.5492 -0.3616 -0.7534
vn 0.1486 -0.3015 0.9418
vn 0.8247 0.2037 0.5275
vn 0.7502 0.1611 -0.6413
vn 0.9440 0.2579 -0.2056
vn 0.2578 -0.6004 -0.7570
vn -0.1203 0.0234 0.9925
vn -0.3238 0.7555 0.5696
vn 0.7666 -0.2067 -0.6079
vn 0.8764 0.4681 0.1130
vn 0.2734 0.5543 0.7861
vn 0.5625 0.8265 0.0241
vn 0.0511 -0.8941 -0.4450
vn 0.8968 -0.3175 0.3080
vn 0.9641 0.2030 -0.1711
vn 0.5525 -0.6505 -0.5212
vn 0.0248 -0.9816 -0.1895
vn 0.5281 -0.8474 -0.0542
vn -0.1891 -0.0987 0.9770
vn -0.5427 -0.7647 0.3475
vn 0.5193 -0.3410 -0.7836
vn 0.7715 0.4094 0.4870
vn 0.1000 -0.9949 0.0125
vn 0.8012 -0.2097 -0.5605
vn 0.3197 0.9403 -0.1169
vn -0.0970 0.9034 0.4176
vn 0.2557 0.8222 0.5085
vn -0.1274 0.8251 -0.5505
vn -0.1017 0.8040 -0.5859
vn 0.9035 0.3435 0.2564
vn -0.6379 0.6309 0.4417
vn 0.2366 0.9549 0.1793
vn 0.7509 0.5568 0.3552
vn 0.4781 0.4694 0.7423
vn 0.2704 0.1439 0.9519
vn 0.0894 0.9324 0.3501
vn -0.2283 0.4879 0.8426
vn 0.4126 0.7797 -0.4710
vn 0.1951 0.9611 -0.1953
vn 0.2820 0.8279 0.4849
vn 0.5318 0.5577 0.6373
vn 0.6881 0.6698 0.2790
vn 0.8245 0.3557 0.4401
vn -0.5468 0.8004 0.2457
vn 0.9301 0.0891 -0.3562
vn 0.0841 0.3063 0.9482
vn 0.5178 0.8537 0.0548
vn 0.3819 0.5553 -0.7387
vn 0.5504 0.3479 0.7590
vn -0.4765 0.5526 -0.6838
vn -0.5701 0.6716 0.4732
vn -0.3562 0.6997 -0.6193
vn 0.7814 0.1127 0.6137
vn 0.9339 0.2987 0.1966
vn -0.2273 0.7487 0.6227
vn -0.5959 0.6831 0.4222
vn -0.5302 0.8386 -0.1251
vn -0.6627 0.7401 0.1143
vn -0.2025 0.9733 -0.1079
vn -0.2002 0.9395 -0.2779
vn -0.4797 0.8251 0.2985
vn 0.7895 0.3388 -0.5118
vn 0.6862 0.2455 0.6848
vn -0.2334 0.4271 -0.8736
vn 0.3318 0.9396 -0.0844
vn 0.4683 0.4120 0.7816
vn -0.9331 0.3189 -0.1665
vn 0.8894 0.2784 -0.3626
vn -0.0598 0.9953 -0.0767
vn 0.0617 0.9827 -0.1743
vn 0.7735 0.6275 -0.0889
vn 0.3722 0.8145 0.4450
vn -0.2959 0.9434 -0.1496
vn 0.1692 0.5592 -0.8116
vn 0.7107 0.6947 0.1107
vn 0.3197 0.4295 -0.8446
vn 0.7095 0.1301 0.6925
vn 0.2037 0.8965 0.3934
vn 0.2614 0.9614 -0.0859
vn 0.7392 -0.2467 0.6267
vn 0.7503 0.6343 0.1863
vn 0.6855 -0.7262 -0.0521
vn 0.5219 0.0727 0.8499
vn 0.2128 -0.3358 0.9176
vn -0.6977 -0.7158 -0.0276
vn -0.0668 0.6559 -0.7519
vn -0.3038 0.8572 0.4159
vn -0.0366 0.8343 -0.5501
vn 0.9472 0.2738 -0.1670
vn 0.1840 -0.1529 -0.9710
vn 0.6250 0.5915 -0.5094
vn 0.8019 0.1491 -0.5786
vn 0.7346 -0.0353 -0.6776
vn -0.4163 0.8202 -0.3923
vn -0.6986 0.4291 -0.5725
vn -0.8233 0.4335 0.3664
vn -0.8223 0.4429 0.3573
vn -0.1514 0.9835 -0.0993
vn -0.6759 0.4377 -0.5930
vn -0.2318 0.1044 -0.9671
vn 0.2224 -0.9430 0.2475
vn -0.7588 0.3545 0.5463
vn 0.0180 -0.9645 0.2634
vn -0.7885 -0.4030 0.4646
vn -0.9504 -0.2370 -0.2016
vn 0.1342 0.1623 0.9776
vn -0.2660 -0.7844 -0.5604
vn -0.4138 0.2313 -0.8805
vn 0.5896 -0.4847 0.6461
vn -0.1931 0.7875 -0.5853
vn -0.0079 -0.9960 -0.0890
vn -0.4188 0.1896 -0.8881
vn -0.0040 -0.8807 -0.4737
vn -0.5066 0.2938 -0.8106
vn -0.3979 -0.9010 -0.1727
vn -0.3019 -0.6678 0.6804
vn -0.7706 0.3520 0.5313
vn -0.2394 -0.6741 0.6987
vn -0.1764 -0.9807 0.0839
vn -0.9492 -0.2619 -0.1745
vn -0.6488 -0.7337 0.2018
vn 0.8802 -0.4428 -0.1708
vn -0.7388 -0.6429 0.2020
vn 0.5670 -0.3639 0.7390
vn 0.7076 -0.5704 -0.4171
vn 0.7241 -0.4875 -0.4878
vn 0.4384 -0.4561 -0.7745
vn 0.5171 0.8072 -0.2846
vn -0.3105 0.7047 -0.6379
vn -0.5303 -0.8478 0.0018
vn 0.8390 0.5337 -0.1062
vn 0.8331 0.3183 -0.4523
vn -0.5395 0.7312 0.4174
vn -0.8702 -0.1112 -0.4800
vn -0.4175 0.5122 0.7505
vn -0.4332 0.0882 -0.8970
vn -0.0400 0.3522 0.9351
vn -0.3171 0.8857 0.3390
vn -0.9033 0.4066 -0.1369
vn -0.8996 0.4300 -0.0758
vn -0.1193 0.1923 0.9741
vn 0.1274 0.9668 0.2215
vn -0.2477 0.9349 -0.2542
vn 0.3448 0.8295 -0.4394
vn 0.6635 -0.6559 -0.3598
vn 0.5154 0.8265 0.2266
vn -0.7611 0.5003 -0.4129
vn -0.1562 0.9024 -0.4015
vn 0.6166 0.2601 -0.7430
vn 0.0543 -0.9215 0.3846
vn 0.8401 0.5368 0.0782
vn 0.3951 0.5608 -0.7277
vn 0.2044 0.9720 0.1160
vn -0.3591 0.6474 0.6722
vn 0.3087 0.8634 0.3991
vn -0.5309 0.7866 -0.3152
vn 0.0182 0.7202 -0.6935
vn 0.1673 -0.6993 0.6949
vn 0.4079 0.5965 -0.6912
vn 0.4808 0.8122 0.3303
vn -0.0065 0.5178 -0.8555
vn -0.1766 -0.2507 -0.9518
vn 0.7590 0.5896 0.2763
vn 0.6146 -0.3764 -0.6933
vn 0.2753 -0.8864 -0.3723
vn 0.7912 0.3066 0.5292
vn -0.3671 -0.6141 -0.6986
vn 0.2380 0.8472 0.4750
vn -0.2031 0.1194 -0.9718
vn 0.7588 0.6038 0.2443
vn 0.4963 0.7989 0.3397
vn -0.6067 -0.2776 0.7449
vn 0.5973 -0.6669 0.4456
vn 0.0887 0.1239 -0.9883
vn -0.3064 -0.5628 -0.7677
vn -0.1861 0.7275 -0.6604
vn -0.3203 0.8198 -0.4746
vn -0.6662 0.6633 0.3408
vn -0.7665 -0.4789 -0.4280
vn -0.8540 0.3163 -0.4130
vn -0.0127 -0.1653 -0.9862
vn 0.2023 0.9113 0.3586
vn -0.9037 0.3788 -0.1999
vn 0.0456 -0.0913 0.9948
vn -0.5741 0.7635 -0.2957
vn 0.6180 0.7657 -0.1783
vn -0.5012 0.6528 -0.5680
vn -0.1781 -0.0172 0.9839
vn 0.2806 -0.8623 0.4215
vn 0.4245 0.5765 -0.6981
vn 0.3303 -0.2219 -0.9174
vn -0.0201 -0.2057 -0.9784
vn 0.4964 0.4740 -0.7273
vn 0.2831 0.4798 0.8304
vn 0.0375 -0.9918 0.1225
vn -0.8969 -0.4301 -0.1023
vn 0.2441 -0.9605 0.1338
vn 0.4129 -0.1548 -0.8975
vn -0.6525 0.0297 -0.7572
vn 0.7129 -0.7011 -0.0147
vn 0.3522 -0.9302 0.1030
vn -0.2654 0.7737 -0.5753
vn 0.5347 0.7467 0.3956
vn 0.9001 0.0335 0.4344
vn -0.4412 0.5665 -0.6960
vn 0.8648 0.1245 0.4865
vn 0.0789 0.9559 -0.2829
vn 0.9896 0.1196 -0.0794
vn -0.9655 0.1290 -0.2262
vn -0.5616 0.7102 0.4244
vn -0.8236 0.5606 -0.0862
vn -0.4899 0.8426 0.2234
vn 0.8113 0.1230 0.5715
vn 0.8368 0.4911 0.2419
vn 0.5806 0.2552 0.7732
vn 0.0852 0.9880 0.1287
vn -0.1239 -0.9826 -0.1381
vn -0.5209 -0.0180 0.8534
vn -0.4053 0.7064 0.5803
vn 0.3924 -0.4156 0.8206
vn 0.8285 0.1169 0.5477
vn -0.2095 -0.9502 0.2305
vn 0.6693 0.7130 0.2090
vn -0.3157 0.3096 0.8969
vn 0.8590 0.2737 -0.4328
vn 0.1342 -0.4399 -0.8879
vn -0.8481 -0.1109 -0.5181
vn -0.3123 -0.8245 0.4719
vn 0.0347 -0.9769 -0.2108
vn 0.0511 -0.6355 -0.7704
vn 0.6423 0.2171 0.7350
vn -0.5082 -0.7414 0.4382
vn 0.7649 0.2184 -0.6059
vn 0.8035 -0.5910 -0.0711
vn 0.2563 0.5897 -0.7659
vn 0.5845 -0.7158 -0.3822
vn -0.8397 0.0331 0.5421
vn 0.5943 -0.7668 -0.2427
vn -0.3027 0.3232 -0.8966
vn 0.2243 0.0352 0.9739
vn 0.4691 -0.3653 -0.8041
vn -0.3309 0.8769 0.3485
vn -0.2082 -0.9721 -0.1078
vn 0.1460 -0.3997 0.9050
vn 0.4241 -0.5453 0.7230
vn -0.8038 0.0584 -0.5920
vn 0.2488 -0.4925 -0.8340
vn 0.3417 -0.3961 -0.8523
vn 0.2806 -0.9510 -0.1300
vn -0.8612 0.4780 0.1725
vn 0.8162 -0.5675 -0.1084
vn 0.4410 -0.8900 -0.1160
vn -0.3351 0.2721 -0.9021
vn -0.5962 -0.4152 -0.6872
vn -0.2188 -0.6655 0.7136
vn -0.5950 0.4070 -0.6931
vn -0.7199 0.1538 0.6768
vn 0.0129 -0.7901 -0.6128
vn 0.7451 -0.6643 -0.0598
vn -0.9396 0.3353 0.0686
vn -0.3512 0.6866 0.6366
vn -0.9010 0.4021 -0.1627
vn 0.8498 -0.5264 -0.0249
vn -0.6856 -0.3183 0.6547
vn 0.2495 -0.9497 -0.1895
vn 0.5511 0.6985 0.4565
vn -0.4876 0.6828 0.5441
vn 0.4776 -0.8648 -0.1551
vn 0.5464 -0.8162 0.1875
vn -0.2210 -0.9150 -0.3375
vn 0.0185 -0.8725 0.4883
vn 0.7324 -0.6528 -0.1935
vn -0.1037 0.9944 -0.0190
vn 0.5909 -0.7315 -0.3401
vn -0.6130 0.7040 -0.3587
vn 0.9833 -0.1816 0.0087
vn 0.8520 -0.2481 -0.4609
vn -0.4882 0.8706 -0.0606
vn 0.9120 0.4068 0.0526
vn 0.8443 -0.4612 0.2729
vn 0.8403 -0.4453 -0.3090
vn -0.1934 0.8924 -0.4077
vn 0.8377 0.0433 0.5444
vn 0.9208 -0.1370 0.3653
vn 0.6730 0.2021 -0.7115
vn 0.8742 -0.2904 -0.3892
vn 0.0447 -0.6323 0.7734
vn -0.8679 -0.2327 0.4388
vn -0.5102 0.8591 -0.0414
vn 0.4460 0.7582 -0.4757
vn -0.4410 -0.7788 -0.4461
vn -0.4472 -0.8906 0.0834
vn 0.2208 0.9671 -0.1266
vn 0.7588 0.6397 0.1223
vn 0.7830 0.3211 0.5327
vn -0.2930 -0.5905 0.7520
vn 0.8682 -0.3066 0.3901
vn 0.7828 -0.3602 0.5074
vn -0.4909 -0.4444 -0.7493
vn -0.7795 0.0327 0.6255
vn -0.3386 -0.9349 -0.1060
vn -0.0109 -0.9996 0.0253
vn -0.7948 0.0685 0.6030
vn 0.2614 -0.0131 0.9651
vn 0.4850 0.6894 0.5380
vn 0.4733 0.7533 -0.4566
vn 0.1653 0.9533 0.2527
vn 0.3201 -0.6879 -0.6514
vn 0.5782 0.5506 -0.6021
vn 0.7080 0.6775 0.1994
vn -0.3678 -0.6899 0.6235
vn 0.9089 0.0770 -0.4098
vn 0.0271 -0.9944 0.1018
vn -0.1128 0.9934 -0.0224
vn 0.5384 -0.7227 0.4333
vn -0.4116 0.8970 -0.1614
vn 0.9595 -0.0925 0.2662
vn 0.6154 -0.7658 0.1863
vn -0.5737 0.4700 0.6708
vn 0.5293 -0.8381 0.1319
vn -0.0292 0.6785 0.7341
vn 0.5024 0.7417 0.4444
vn -0.0376 -0.9802 -0.1942
vn 0.1122 0.5783 0.8080
vn 0.1746 -0.3166 0.9324
vn -0.5131 -0.2797 0.8115
vn -0.5315 0.6974 0.4808
vn -0.1730 -0.6577 -0.7332
vn 0.9405 0.0370 -0.3378
vn 0.3505 0.9290 -0.1188
vn 0.3016 -0.7207 0.6242
vn 0.3918 -0.8234 -0.4105
vn 0.9650 -0.2319 0.1222
vn -0.5539 -0.4802 0.6802
vn 0.5464 0.8171 0.1836
vn -0.4392 -0.8961 -0.0639
vn 0.2399 0.1399 0.9607
vn -0.1040 -0.0101 0.9945
vn -0.4980 -0.7330 0.4634
vn 0.4472 -0.8287 -0.3366
vn -0.8209 -0.5105 0.2561
vn -0.6622 0.2896 -0.6911
vn -0.9193 0.3364 -0.2041
vn 0.8316 0.5485 -0.0870
vn -0.2439 0.9698 0.0014
vn -0.5599 0.8231 0.0953
vn -0.2650 -0.5815 0.7692
vn -0.6911 -0.7125 -0.1211
vn -0.8201 0.1528 -0.5514
vn 0.5717 0.3606 -0.7370
vn 0.8350 0.4159 -0.3603
vn 0.1450 0.5429 -0.8272
vn -0.2336 0.1850 0.9546
vn 0.9920 0.1221 -0.0320
vn 0.0543 -0.9514 0.3030
vn 0.6385 0.6607 0.3947
vn 0.0038 -0.8954 -0.4452
vn -0.1607 -0.9341 0.3188
vn -0.1188 -0.5637 -0.8174
vn -0.2355 -0.3438 -0.9090
vn 0.4900 -0.8686 -0.0739
vn 0.1736 -0.9509 -0.2562
vn 0.6331 -0.7037 -0.3224
vn 0.4109 -0.4098 0.8144
vn 0.6179 -0.3312 0.7131
vn 0.9438 -0.2796 -0.1761
vn 0.9216 -0.3859 -0.0412
vn -0.5353 -0.8380 0.1054
vn 0.7132 -0.1813 -0.6771
vn -0.2012 -0.2847 0.9373
vn 0.1656 0.9836 0.0713
vn 0.9173 0.3856 0.0991
vn 0.3112 0.4545 0.8346
vn 0.6247 0.6618 0.4144
vn 0.3023 0.9527 -0.0322
vn -0.3318 -0.9148 -0.2305
vn 0.6690 0.7279 -0.1504
vn -0.9079 0.3591 -0.2161
vn 0.3126 0.5882 0.7459
vn -0.1100 -0.9907 0.0805
vn 0.4552 0.8871 -0.0758
vn -0.9895 0.1048 -0.0999
vn 0.4605 0.8656 -0.1966
vn -0.1152 -0.9896 0.0857
vn -0.7223 0.6417 0.2579
vn -0.8913 -0.3299 0.3111
vn -0.9283 -0.3581 0.1002
vn -0.0596 0.9921 0.1103
vn -0.6283 -0.6503 0.4270
vn -0.9230 0.1074 0.3696
vn 0.5596 -0.7839 0.2690
vn 0.0364 -0.9912 0.1272
vn 0.8309 -0.3682 -0.4171
vn -0.2502 0.9466 0.2032
vn 0.7793 0.5839 0.2272
vn 0.2679 -0.0398 0.9626
vn -0.1307 0.9634 0.2342
vn -0.9404 0.0221 0.3394
vn 0.4502 -0.8745 -0.1804
vn -0.7214 0.6690 0.1789
vn -0.6964 0.6403 -0.3242
vn -0.3683 0.7841 0.4995
vn 0.2959 0.7974 -0.5259
vn -0.8215 0.2371 0.5186
vn -0.0668 -0.9497 -0.3058
vn -0.2930 -0.5383 0.7901
vn -0.5925 -0.7884 -0.1656
vn 0.1447 -0.6352 0.7587
vn 0.1491 0.8886 0.4338
vn 0.8509 0.1170 0.5121
vn 0.1266 0.1108 0.9858
vn 0.4908 0.5622 0.6657
vn 0.1501 0.9257 0.3473
vn 0.9580 -0.0751 0.2768
vn 0.0822 0.9232 -0.3754
vn -0.8391 -0.4841 0.2481
vn 0.2443 0.9509 0.1902
vn -0.1804 -0.2620 -0.9480
vn -0.0327 0.8881 0.4585
vn 0.0103 0.9035 0.4285
vn 0.0329 0.7568 -0.6529
vn -0.5479 0.8344 0.0594
vn -0.4986 0.7539 0.4278
vn 0.7930 -0.1190 0.5975
vn -0.4314 -0.9018 -0.0263
vn 0.3167 -0.9224 -0.2211
vn 0.7572 -0.6096 -0.2346
vn -0.4637 -0.8218 -0.3312
vn 0.3844 0.8782 0.2846
vn 0.6689 -0.3108 -0.6753
vn 0.0304 0.5672 -0.8230
vn 0.9199 -0.0353 -0.3905
vn 0.2695 0.1071 0.9570
vn 0.9109 0.0984 -0.4006
vn 0.4893 -0.1337 0.8618
vn 0.9020 -0.3307 0.2777
vn 0.0327 -0.5419 -0.8398
vn 0.2424 -0.8092 -0.5352
vn -0.2166 -0.9305 -0.2952
vn 0.5828 0.7965 -0.1612
vn -0.3997 -0.2095 0.8924
vn 0.6555 0.5086 0.5582
vn 0.0191 -0.3778 -0.9257
vn 0.5789 0.7292 0.3650
vn 0.0704 -0.4677 0.8811
vn 0.5904 0.7213 0.3621
vn 0.8570 0.1786 -0.4835
vn 0.3139 0.5136 0.7985
vn 0.4332 0.3317 -0.8380
vn -0.4687 -0.7670 -0.4383
vn -0.0407 -0.8123 0.5818
vn 0.7148 -0.0192 0.6991
vn 0.6429 -0.5395 0.5436
vn -0.4388 0.4944 0.7504
vn 0.9812 0.1757 -0.0795
vn 0.3292 0.6290 -0.7042
vn -0.1564 -0.1693 -0.9731
vn 0.9737 -0.1281 0.1884
vn 0.8896 -0.4435 0.1088
vn 0.1364 -0.9516 -0.2755
vn 0.6277 -0.7310 -0.2676
vn 0.3193 0.5162 0.7947
vn -0.2104 -0.9632 0.1672
vn 0.5406 -0.8139 0.2129
vn -0.0961 -0.8705 0.4827
vn 0.1349 -0.0119 -0.9908
vn -0.1974 0.4896 0.8493
vn 0.9372 0.2806 0.2072
vn 0.4973 0.4278 -0.7548
vn -0.2478 -0.8706 -0.4250
vn -0.4864 -0.7695 -0.4138
vn -0.5488 -0.8360 0.0019
vn 0.1018 -0.9863 -0.1296
vn 0.0944 -0.1400 0.9856
vn -0.9410 -0.0672 -0.3317
vn -0.1593 -0.6587 -0.7354
vn -0.5876 -0.7997 0.1230
vn 0.2617 0.4582 0.8494
vn -0.2983 0.8995 0.3193
vn 0.3928 -0.9196 -0.0059
vn 0.2025 0.9280 -0.3128
vn 0.3986 -0.9113 -0.1029
vn -0.7121 0.6847 -0.1551
vn -0.6863 -0.6346 -0.3552
vn -0.3557 0.8815 0.3105
vn -0.0310 -0.9995 0.0037
vn 0.1639 0.8056 0.5694
vn 0.4273 0.2046 0.8806
vn -0.0385 -0.9761 0.2138
vn 0.3858 -0.7025 -0.5981
vn 0.6554 0.7055 -0.2696
vn 0.7792 -0.1893 0.5975
vn -0.2962 0.9226 0.2471
vn 0.7293 0.6507 -0.2114
vn 0.1320 -0.8787 0.4588
vn -0.8341 -0.5150 -0.1974
vn 0.0568 0.7096 0.7024
vn -0.6553 -0.3526 -0.6680
vn -0.7155 -0.6586 -0.2330
vn -0.8639 0.4663 -0.1905
vn -0.2775 0.9411 -0.1933
vn 0.4813 -0.5988 -0.6401
vn -0.4473 0.4047 -0.7976
vn -0.5720 -0.3821 -0.7258
vn -0.6799 -0.4332 -0.5917
vn -0.1524 -0.5614 -0.8134
vn -0.8136 0.5697 0.1165
vn -0.4810 0.8764 0.0250
vn -0.9659 0.1869 0.1794
vn 0.0699 0.9951 0.0692
vn -0.1057 -0.8982 0.4267
vn 0.4736 0.6856 -0.5529
vn 0.9215 -0.3712 0.1144
vn 0.6986 -0.7130 -0.0592
vn -0.7867 0.4125 -0.4593
vn 0.6778 -0.3886 0.6242
vn -0.9959 -0.0609 -0.0670
vn -0.9242 0.1460 0.3528
vn 0.6819 0.5741 0.4533
vn -0.0226 0.9841 -0.1759
vn 0.0106 -0.3302 0.9439
vn 0.4900 0.5556 0.6717
vn 0.7817 -0.3322 -0.5278
vn 0.5121 -0.8297 0.2223
vn 0.6062 -0.7941 0.0442
vn -0.4396 -0.5532 -0.7077
vn 0.7828 -0.0320 -0.6214
vn -0.0533 0.9854 0.1616
vn -0.5772 0.4129 0.7045
vn 0.8972 -0.2401 0.3706
vn -0.5756 0.2568 0.7764
vn -0.6300 0.7747 -0.0546
vn -0.6195 0.7849 -0.0144
vn 0.7348 0.6704 -0.1029
vn 0.6802 -0.6906 0.2458
vn 0.7103 0.6773 -0.1918
vn -0.1240 0.8522 0.5083
vn 0.2376 0.6453 0.7260
vn -0.8431 -0.5304 0.0882
vn 0.3876 -0.9004 -0.1978
vn -0.5740 0.1766 -0.7996
vn -0.6839 0.7016 -0.1999
vn -0.5499 0.7134 0.4343
vn 0.5029 -0.6790 -0.5348
vn -0.2047 -0.5388 0.8172
vn -0.8552 -0.3615 -0.3715
vn -0.4193 -0.6683 -0.6144
vn 0.2163 -0.4162 0.8832
vn 0.6285 -0.5463 0.5537
vn -0.8422 0.5069 0.1836
vn 0.7561 0.6331 -0.1656
vn -0.8241 0.5576 0.0994
vn 0.1900 0.9076 0.3744
vn -0.2524 0.8857 0.3896
vn 0.9005 -0.1866 -0.3928
vn 0.5018 -0.0112 -0.8649
vn 0.9929 0.1091 -0.0474
vn -0.2326 0.7835 -0.5762
vn 0.7017 -0.7061 -0.0951
vn -0.1091 -0.1716 0.9791
vn -0.7302 -0.5889 0.3465
vn -0.3779 -0.0666 -0.9235
vn -0.5448 -0.6160 0.5690
vn -0.9054 0.4035 0.1323
vn 0.6093 0.3486 -0.7122
vn -0.5893 -0.2106 0.7800
vn 0.3711 0.9224 -0.1072
vn -0.7101 -0.6085 -0.3542
vn 0.2644 -0.2282 -0.9370
vn 0.1694 -0.8462 0.5052
vn -0.4311 0.8826 -0.1877
vn -0.2603 0.9654 0.0181
vn -0.5743 0.4087 0.7093
vn -0.4751 0.8781 0.0560
vn 0.1576 0.7636 0.6262
vn -0.5798 0.7743 0.2537
vn -0.6666 -0.4806 0.5698
vn 0.7454 0.4744 0.4683
vn -0.9867 0.0638 0.1494
vn -0.4627 -0.8738 0.1498
vn -0.0319 -0.9953 0.0913
vn 0.4701 -0.8521 -0.2301
vn 0.6405 0.1541 0.7524
vn -0.6645 0.3074 -0.6812
vn -0.3189 -0.6256 0.7120
vn -0.5133 0.5416 -0.6657
vn -0.4631 -0.6520 0.6004
vn -0.5367 -0.4188 -0.7325
vn -0.8575 -0.4799 0.1852
vn -0.9448 0.0892 0.3151
vn 0.0871 -0.3626 0.9278
vn -0.6397 0.2337 0.7322
vn 0.8403 -0.4388 0.3184
vn 0.2741 -0.9292 0.2478
vn -0.0420 -0.1496 -0.9878
vn 0.4007 -0.8773 -0.2640
vn -0.1219 -0.9923 0.0226
vn 0.2884 -0.4001 -0.8699
vn -0.1228 -0.9923 -0.0143
vn -0.7734 0.0449 0.6324
vn 0.4892 0.8416 0.2291
vn 0.6239 0.7598 -0.1827
vn -0.4214 -0.9068 -0.0134
vn -0.7552 0.6548 -0.0312
vn -0.5406 0.8393 -0.0575
vn -0.3612 -0.9325 -0.0023
vn -0.2028 -0.9335 -0.2955
vn -0.0247 -0.5235 0.8517
vn 0.1380 -0.8714 0.4708
vn -0.6348 -0.7252 0.2666
vn -0.1742 -0.5159 0.8388
vn 0.3010 0.9353 0.1860
vn -0.3666 -0.6512 0.6645
vn 0.9148 0.1079 -0.3893
vn 0.5406 0.8378 0.0768
vn -0.3877 -0.8128 -0.4347
vn -0.7457 -0.6551 0.1218
vn -0.2480 -0.5018 0.8287
vn 0.2593 -0.2113 -0.9424
vn 0.7077 -0.2012 -0.6772
vn 0.0308 -0.9988 0.0375
vn -0.6923 -0.6147 0.3781
vn -0.3643 0.7888 -0.4950
vn -0.6589 0.5958 0.4591
vn 0.7656 -0.5830 -0.2720
vn 0.0490 0.2433 0.9687
vn -0.5325 0.7863 0.3132
vn -0.2235 -0.9737 0.0449
vn -0.3395 -0.9041 -0.2596
vn -0.1817 -0.5199 -0.8347
vn -0.2078 -0.5176 -0.8300
vn -0.9348 0.3141 0.1659
vn 0.4233 -0.5560 0.7153
vn 0.1858 -0.2758 0.9431
vn -0.5750 -0.7797 0.2478
vn 0.5450 -0.7381 0.3977
vn -0.4133 -0.7399 -0.5307
vn 0.5741 -0.8188 0.0010
vn -0.6738 -0.6621 0.3280
vn -0.1980 0.8159 0.5432
vn -0.9645 -0.0954 0.2464
vn -0.9358 -0.1383 0.3243
vn -0.2742 -0.9373 0.2153
vn -0.5577 0.0689 -0.8272
vn -0.9623 0.0900 -0.2568
vn -0.9931 -0.0805 -0.0857
vn 0.9351 0.3535 0.0255
vn 0.5302 -0.8425 0.0950
vn 0.3484 -0.5945 -0.7247
vn 0.1945 -0.1390 0.9710
vn 0.5825 -0.8063 -0.1030
vn -0.4380 -0.5636 0.7004
vn -0.6252 0.5287 -0.5741
vn 0.1737 0.9768 -0.1254
vn -0.7869 -0.0625 -0.6139
vn 0.2181 -0.4254 0.8783
vn -0.4906 0.8689 0.0654
vn -0.7476 0.2661 -0.6086
vn -0.7843 -0.6057 0.1343
vn 0.1441 0.0094 -0.9895
vn 0.7831 -0.4330 0.4464
vn -0.6944 0.5281 0.4888
vn -0.5424 -0.4891 -0.6831
vn 0.3894 -0.8377 -0.3828
vn 0.4324 -0.8785 -0.2032
vn -0.6794 0.1903 0.7086
vn -0.7356 -0.5060 -0.4503
vn 0.3450 -0.1620 -0.9245
vn -0.7855 0.1776 0.5928
vn 0.6823 -0.6928 0.2334
vn -0.9782 0.1589 -0.1339
vn -0.1425 -0.4621 0.8753
vn -0.3238 -0.7911 -0.5190
vn -0.4129 0.5910 -0.6930
vn -0.0916 -0.9213 -0.3779
vn -0.7821 -0.6146 -0.1026
vn 0.2385 -0.9598 0.1480
vn 0.0622 -0.8283 -0.5568
vn -0.4337 0.8479 0.3050
vn 0.3248 -0.5980 0.7327
vn -0.1327 -0.6274 -0.7673
vn 0.7558 0.2391 -0.6096
vn -0.6253 -0.7601 0.1767
vn -0.7608 0.5741 -0.3026
vn -0.3375 0.9220 -0.1898
vn -0.4193 -0.6833 0.5977
vn -0.0763 0.9925 -0.0951
vn 0.1396 -0.9227 0.3594
vn -0.0489 0.8568 -0.5133
vn 0.0823 0.9578 0.2752
vn -0.1137 -0.5552 0.8239
vn -0.4923 0.8701 0.0255
vn -0.5418 -0.8301 0.1318
vn -0.8142 -0.5579 0.1604
vn -0.8706 0.4891 0.0530
vn 0.9374 -0.3242 0.1271
vn 0.2616 -0.9648 -0.0279
vn 0.0026 0.7506 0.6608
vn -0.0603 0.1218 0.9907
vn -0.6789 -0.2269 -0.6983
vn -0.9998 -0.0198 -0.0033
vn -0.4476 0.8918 -0.0655
vn -0.5190 -0.6541 0.5503
vn -0.3423 -0.9313 0.1245
vn -0.8026 -0.5964 -0.0114
vn -0.9447 0.0895 0.3155
vn -0.4361 -0.4243 0.7936
vn 0.4565 0.8491 -0.2656
vn 0.3504 0.0981 -0.9315
vn -0.3890 0.7565 -0.5257
vn -0.5263 -0.7324 -0.4320
vn -0.3088 0.6576 -0.6872
vn -0.1424 -0.9527 0.2685
vn -0.3307 0.5696 -0.7524
vn -0.4982 0.2341 -0.8348
vn 0.9734 -0.1251 0.1920
vn 0.4270 -0.8186 0.3842
vn -0.5454 0.1570 -0.8233
vn -0.5478 -0.5094 -0.6636
vn -0.1238 -0.9508 0.2841
vn 0.5860 0.7904 -0.1786
vn 0.7760 -0.5424 -0.3221
vn -0.2872 0.4804 -0.8287
vn 0.4243 -0.5935 0.6839
vn 0.8932 -0.1812 -0.4115
vn 0.3610 0.9291 0.0799
vn 0.4699 0.8723 -0.1354
vn 0.7374 0.2632 -0.6221
vn -0.3249 0.6312 -0.7043
vn -0.1032 -0.1195 0.9875
vn -0.6802 -0.6510 -0.3369
vn 0.6087 -0.7387 0.2894
vn 0.3414 0.8925 -0.2949
vn -0.0201 0.1406 0.9899
vn 0.4213 -0.9055 -0.0516
vn -0.0611 -0.6616 -0.7473
vn -0.6690 0.3472 -0.6573
vn 0.9385 -0.3360 -0.0791
vn -0.2677 -0.1995 0.9426
vn 0.0286 -0.8393 0.5430
vn -0.0434 -0.6663 0.7444
vn -0.2234 -0.3148 0.9225
vn 0.9379 -0.0077 0.3467
vn 0.0168 -0.9988 -0.0450
vn 0.4451 0.8933 -0.0627
vn -0.8134 -0.5512 0.1858
vn 0.6832 0.7172 -0.1376
vn 0.9892 -0.1035 -0.1038
vn -0.3633 -0.9289 0.0715
vn -0.7339 0.5911 0.3347
vn -0.5435 0.7825 -0.3038
vn 0.6490 -0.2492 0.7188
vn -0.3945 0.7739 -0.4954
vn -0.3114 -0.6602 -0.6835
vn -0.6773 0.5083 -0.5319
vn -0.2551 -0.3328 0.9078
vn -0.9364 0.0348 -0.3491
vn -0.0004 -0.9408 -0.3391
vn -0.4903 0.7714 -0.4058
vn -0.3604 0.5965 -0.7172
vn 0.2854 0.4866 -0.8257
vn -0.6777 0.6876 -0.2604
vn -0.1165 -0.9465 0.3010
vn 0.4015 -0.0973 -0.9107
vn -0.3891 -0.3808 0.8388
vn -0.5457 -0.8263 -0.1396
vn -0.8288 0.4349 0.3521
vn 0.3846 0.5727 -0.7239
vn -0.2356 -0.9490 0.2094
vn -0.7601 0.5981 -0.2538
vn 0.7204 0.3961 -0.5693
vn 0.5337 0.4745 -0.7000
vn -0.1275 -0.4039 0.9059
vn 0.4544 -0.7915 0.4088
vn -0.6972 0.0042 0.7169
vn -0.2102 -0.8978 0.3869
vn 0.3401 0.7676 -0.5432
vn -0.7275 -0.2698 -0.6308
vn -0.0202 -0.9612 0.2750
vn 0.2557 -0.8989 0.3557
vn -0.5520 -0.3069 -0.7753
vn -0.1316 0.4944 -0.8592
vn 0.6734 -0.6815 0.2866
vn -0.0513 -0.9950 0.0856
vn -0.2568 0.6517 -0.7137
vn -0.3371 -0.9187 0.2058
vn -0.2246 -0.9485 0.2234
vn -0.7714 0.6025 -0.2045
vn 0.3885 -0.6063 0.6939
vn 0.6700 0.4874 -0.5599
vn 0.3907 -0.8299 -0.3982
vn -0.5978 0.5040 -0.6233
vn -0.2868 -0.9405 0.1822
vn -0.0351 0.7808 -0.6238
vn -0.1401 -0.9691 0.2031
vn -0.0792 -0.9385 0.3362
vn -0.0113 0.0283 -0.9995
vn -0.7278 0.6218 -0.2893
vn -0.5983 0.5659 -0.5673
vn 0.0263 -0.3338 -0.9423
vn -0.6584 0.5009 -0.5618
vn -0.3322 0.7984 -0.5022
vn 0.0483 0.5956 -0.8018
vn 0.4186 0.5559 -0.7182
vn -0.0229 -0.9996 -0.0168
vn -0.2287 -0.6249 -0.7464
vn -0.2149 0.3988 -0.8915
vn 0.0129 -0.8341 -0.5515
vn -0.1901 -0.8511 0.4894
vn 0.2844 -0.7603 -0.5840
vn 0.6267 -0.2814 0.7267
vn 0.7839 -0.6205 0.0204
vn 0.9668 -0.2391 -0.0904
vn -0.2705 -0.9563 0.1107
vn -0.0453 0.3507 -0.9354
vn 0.6789 0.5706 -0.4621
vn -0.5041 -0.8159 -0.2833
vn 0.3379 0.9147 -0.2218
vn 0.9285 0.3694 0.0377
vn -0.4843 0.8291 -0.2792
vn -0.1579 0.9552 -0.2504
vn -0.1763 0.9812 -0.0788
vn 0.5091 0.7835 0.3563
vn 0.5057 -0.7196 -0.4759
vn 0.3796 0.7084 -0.5951
vn 0.2762 0.7200 -0.6367
vn 0.0522 0.7119 -0.7003
vn 0.6970 0.2106 0.6854
vn 0.4788 0.3789 -0.7920
vn 0.1141 -0.9130 -0.3917
vn -0.7745 -0.2889 0.5627
vn -0.7718 -0.2997 -0.5608
vn -0.9365 0.3278 -0.1246
vn 0.2943 -0.3047 0.9058
vn -0.1487 -0.9858 0.0784
vn 0.2927 0.3211 0.9007
vn -0.7729 0.2953 0.5616
vn -0.7755 0.2847 -0.5635
vn 0.9440 -0.3300 0.0000
vn 0.5316 0.7047 0.4699
vn -0.2642 0.6903 0.6735
vn -0.7413 0.6682 -0.0626
vn -0.1361 0.6678 -0.7318
vn 0.4632 -0.8838 -0.0662
vn -0.4045 -0.0000 0.9146
vn -0.2092 0.0418 -0.9770
vn 0.7440 -0.0396 0.6670
vn -0.9936 0.0502 -0.1015
vn 0.8647 -0.0138 -0.5021
vn -0.4289 -0.8140 0.3917
vn 0.7051 0.2153 -0.6757
vn 0.2807 -0.7880 0.5479
vn -0.2616 -0.6965 -0.6682
vn 0.2921 -0.3262 -0.8990
vn 0.3727 -0.8688 -0.3260
vn -0.1495 -0.8876 -0.4357
vn 0.5120 -0.3717 0.7744
vn -0.0603 -0.9071 0.4165
vn 0.4258 -0.8811 0.2058
vn 0.9458 0.3248 -0.0000
vn 0.2948 0.3002 -0.9072
vn 0.6399 0.6897 -0.3389
vn -0.7359 -0.6742 0.0619
vn -0.5202 0.1038 -0.8477
vn -0.4697 0.2516 0.8462
vn -0.1347 -0.6737 0.7266
vn -0.7272 0.5940 -0.3442
vn 0.4576 -0.0998 0.8835
vn 0.6349 -0.0191 0.7724
vn 0.5974 0.4285 -0.6779
vn -0.1890 0.4584 0.8684
vn 0.5270 -0.7109 -0.4657
vn -0.1352 0.2951 -0.9458
vn 0.9017 0.1454 0.4073
vn -0.4116 -0.9111 0.0235
vn 0.3360 -0.3355 -0.8801
vn -0.9530 0.2845 0.1042
vn 0.5167 0.4269 -0.7422
vn 0.1133 0.4506 0.8855
vn -0.7500 0.6584 -0.0637
vn 0.9511 0.2996 0.0753
vn -0.8449 0.1567 -0.5114
vn 0.3067 0.2123 -0.9278
vn -0.6369 0.4652 0.6148
vn 0.1702 -0.9721 0.1614
vn 0.9238 0.3823 -0.0228
vn -0.8237 0.3468 0.4486
vn -0.1625 -0.7504 -0.6407
vn -0.6843 0.4339 -0.5861
vn 0.6415 -0.5245 0.5598
vn -0.2107 -0.9505 0.2285
vn -0.6478 0.3770 -0.6620
vn 0.0428 0.1242 0.9913
vn 0.8253 -0.2778 -0.4916
vn -0.2883 0.6298 0.7213
vn 0.9255 0.3599 0.1182
vn -0.2839 -0.7813 0.5559
vn -0.1391 0.6536 -0.7440
vn -0.6951 0.0467 0.7174
vn -0.2049 -0.4090 -0.8892
vn 0.6896 0.6221 -0.3709
vn 0.2533 0.3171 0.9139
vn 0.5497 -0.7566 -0.3541
vn -0.2444 -0.9051 0.3478
vn 0.8699 0.4302 0.2412
vn -0.7034 0.4200 -0.5734
vn 0.0546 0.1212 0.9911
vn 0.8686 0.4152 0.2705
vn -0.6013 0.6411 -0.4769
vn -0.6591 0.5153 0.5478
vn 0.5614 -0.3111 -0.7668
vn 0.3472 -0.9056 -0.2436
vn 0.0385 -0.1347 -0.9901
vn -0.2896 0.9335 0.2115
vn 0.5943 0.6076 0.5269
vn -0.8089 0.3191 0.4938
vn 0.6122 -0.5646 0.5536
vn -0.7335 0.3966 -0.5520
vn -0.0609 -0.3186 -0.9459
vn 0.4447 0.8957 -0.0028
vn -0.5058 -0.8626 0.0091
usemtl mat.tree-laurel
s 1
f 2708/1/1 2503/2/1 2868/3/1
f 2494/4/2 2633/5/2 2757/6/2
f 2464/7/3 2611/8/3 2719/9/3
f 2237/10/4 2962/11/4 2243/12/4
f 2808/13/5 2822/14/5 2736/15/5
f 2287/16/6 2639/17/6 2283/18/6
f 2566/19/7 2438/20/7 2433/21/7
f 2764/22/8 2806/23/8 2466/24/8
f 2399/25/9 2640/26/9 2606/27/9
f 2284/28/10 2434/29/10 2331/30/10
f 2756/31/11 2761/32/11 2439/33/11
f 88/34/12 2568/35/12 2759/36/12
f 2679/37/13 2483/38/13 2698/39/13
f 2770/40/14 2693/41/14 2520/42/14
f 2692/43/15 2445/44/15 2696/45/15
f 2678/46/16 2574/47/16 2387/48/16
f 2248/49/17 2226/50/17 2209/51/17
f 1948/52/18 1952/53/18 2256/54/18
f 2323/55/19 2908/56/19 2980/57/19
f 2906/58/20 2892/59/20 2272/60/20
f 2208/61/21 2214/62/21 2086/63/21
f 2894/64/22 2062/65/22 2158/66/22
f 2297/67/23 2895/68/23 2327/69/23
f 2000/70/24 1955/71/24 2250/72/24
f 2311/73/25 2227/74/25 2251/75/25
f 2296/76/26 2210/77/26 2225/78/26
f 2973/79/27 2109/80/27 2900/81/27
f 2258/82/28 1999/83/28 2249/84/28
f 2310/85/29 2058/86/29 2224/87/29
f 2907/88/30 2321/89/30 2326/90/30
f 2968/91/31 2910/92/31 1976/93/31
f 2880/94/32 2856/95/32 2841/96/32
f 2328/97/33 2320/98/33 2215/99/33
f 1306/100/34 2966/101/34 1310/102/34
f 2896/103/35 2057/104/35 2061/105/35
f 2893/106/36 97/107/36 2228/108/36
f 2901/109/37 1746/110/37 2971/111/37
f 2059/112/38 2309/113/38 2313/114/38
f 2212/115/39 2298/116/39 2329/117/39
f 2085/118/40 2203/119/40 2211/120/40
f 2928/121/41 2703/122/41 2879/123/41
f 2702/124/42 2817/125/42 2636/126/42
f 2933/127/43 2926/128/43 2837/129/43
f 2943/130/44 2650/131/44 2863/132/44
f 2845/133/45 2831/134/45 2885/135/45
f 2886/136/46 2945/137/46 2871/138/46
f 2953/139/47 2730/140/47 2948/141/47
f 2946/142/48 2959/143/48 2653/144/48
f 2913/145/49 2823/146/49 2917/147/49
f 2721/148/50 2777/149/50 2727/150/50
f 2888/151/51 2802/152/51 2921/153/51
f 102/154/52 2810/155/52 2918/156/52
f 2762/157/53 2289/158/53 2440/159/53
f 2809/160/54 47/161/54 2758/162/54
f 2290/163/55 2763/164/55 2718/165/55
f 2765/166/56 104/167/56 108/168/56
f 2609/169/57 2605/170/57 2716/171/57
f 2444/172/58 2624/173/58 2686/174/58
f 2688/175/59 2699/176/59 109/177/59
f 2405/178/60 2625/179/60 2446/180/60
f 2471/181/61 2735/182/61 2651/183/61
f 2835/184/62 2929/185/62 2878/186/62
f 2797/187/63 2709/188/63 2867/189/63
f 2840/190/64 2860/191/64 2834/192/64
f 2842/193/65 2728/194/65 2862/195/65
f 2931/196/66 2818/197/66 112/198/66
f 2881/199/67 2704/200/67 2857/201/67
f 2839/202/68 116/203/68 84/204/68
f 2734/205/69 2827/206/69 2774/207/69
f 2819/208/70 2939/209/70 2919/210/70
f 2262/211/71 2935/212/71 2266/213/71
f 2824/214/72 2916/215/72 2268/216/72
f 2934/217/73 2836/218/73 2776/219/73
f 111/220/74 2821/221/74 2826/222/74
f 121/223/75 2941/224/75 2915/225/75
f 2937/226/76 2263/227/76 2924/228/76
f 2265/229/77 2938/230/77 2925/231/77
f 2930/232/78 2927/233/78 2940/234/78
f 2932/235/79 118/236/79 123/237/79
f 120/238/80 119/239/80 11/240/80
f 2861/241/81 115/242/81 2775/243/81
f 2264/244/82 2914/245/82 2942/246/82
f 2725/247/83 2952/248/83 2876/249/83
f 2267/250/84 2828/251/84 2825/252/84
f 2936/253/85 2829/254/85 126/255/85
f 124/256/86 2269/257/86 125/258/86
f 2956/259/87 2726/260/87 2731/261/87
f 2812/262/88 2850/263/88 2795/264/88
f 2800/265/89 2794/266/89 2869/267/89
f 2858/268/90 2701/269/90 2706/270/90
f 2798/271/91 2851/272/91 2855/273/91
f 113/274/92 2853/275/92 2843/276/92
f 2944/277/93 2865/278/93 2875/279/93
f 2555/280/94 2957/281/94 2887/282/94
f 2553/283/95 2922/284/95 2559/285/95
f 2683/286/96 2645/287/96 2587/288/96
f 2684/289/97 2649/290/97 2644/291/97
f 2799/292/98 2859/293/98 85/294/98
f 2426/295/99 2470/296/99 2682/297/99
f 86/298/100 134/299/100 130/300/100
f 77/301/101 2654/302/101 132/303/101
f 2958/304/102 2646/305/102 2655/306/102
f 2484/307/103 2694/308/103 2700/309/103
f 2773/310/104 2447/311/104 2695/312/104
f 2443/313/105 2771/314/105 2449/315/105
f 2573/316/106 2697/317/106 2689/318/106
f 2889/319/107 2923/320/107 2558/321/107
f 2535/322/108 1357/323/108 2579/324/108
f 2690/325/109 2661/326/109 2536/327/109
f 2542/328/110 2425/329/110 2585/330/110
f 2586/331/111 2534/332/111 2541/333/111
f 2554/334/112 2674/335/112 2789/336/112
f 2960/337/113 2556/338/113 2647/339/113
f 2890/340/114 2830/341/114 2801/342/114
f 2668/343/115 2711/344/115 2673/345/115
f 2469/346/116 2427/347/116 2612/348/116
f 2662/349/117 2543/350/117 2540/351/117
f 2538/352/118 2584/353/118 2591/354/118
f 2955/355/119 2870/356/119 2874/357/119
f 2110/358/120 2306/359/121 2234/360/122
f 2118/361/123 2173/362/123 1567/363/123
f 2318/364/124 2063/365/124 2060/366/124
f 2081/367/125 2216/368/125 2322/369/125
f 2064/370/126 2316/371/126 2219/372/126
f 2911/373/127 1307/374/127 1920/375/127
f 2279/376/128 2236/377/128 1311/378/128
f 1565/379/129 1858/380/129 2122/381/129
f 2275/382/130 2979/383/130 2270/384/130
f 2200/385/131 2965/386/131 2239/387/131
f 1971/388/132 1072/389/132 1869/390/132
f 1922/391/133 1308/392/133 2314/393/133
f 1312/394/134 2221/395/134 2317/396/134
f 1921/397/135 2105/398/135 1973/399/135
f 1981/400/136 2172/401/136 1986/402/136
f 2124/403/137 1857/404/137 1715/405/137
f 2161/406/138 2294/407/138 2156/408/138
f 2293/409/139 2334/410/139 2277/411/139
f 2238/412/140 2335/413/140 2222/414/140
f 2306/415/121 2110/416/120 2974/417/141
f 2897/418/142 99/419/142 101/420/142
f 151/421/143 2967/422/143 2281/423/143
f 2273/424/144 2898/425/144 2157/426/144
f 2198/427/145 2904/428/145 2976/429/145
f 1704/430/146 2154/431/146 2004/432/146
f 1988/433/147 2119/434/147 2130/435/147
f 2123/436/148 2020/437/148 2131/438/148
f 1863/439/149 2126/440/149 2025/441/149
f 1860/442/150 2021/443/150 1856/444/150
f 2128/445/151 1861/446/151 1561/447/151
f 2134/448/152 1983/449/152 2089/450/152
f 2909/451/153 159/452/153 167/453/153
f 169/454/154 2246/455/154 2336/456/154
f 172/457/155 2244/458/155 2276/459/155
f 152/460/156 2271/461/156 2292/462/156
f 2981/463/157 2278/464/157 2247/465/157
f 1978/466/158 2977/467/158 2969/468/158
f 2240/469/159 2280/470/159 2903/471/159
f 2242/472/160 2905/473/160 157/474/160
f 2218/475/161 2337/476/161 2162/477/161
f 1309/478/162 1313/479/162 2319/480/162
f 2220/481/163 2159/482/163 147/483/163
f 100/484/164 2295/485/164 2274/486/164
f 2970/487/165 248/488/165 2912/489/165
f 2978/490/166 1974/491/166 2196/492/166
f 2245/493/167 2113/494/167 2982/495/167
f 156/496/168 2163/497/168 2160/498/168
f 2197/499/169 2899/500/169 2963/501/169
f 2107/502/170 2986/503/170 2112/504/170
f 2984/505/171 2083/506/171 2324/507/171
f 2114/508/172 2325/509/172 2983/510/172
f 2985/511/173 2233/512/173 2082/513/173
f 321/514/174 2987/515/174 230/516/174
f 2115/517/175 148/518/175 2964/519/175
f 2499/520/176 2488/521/176 2670/522/176
f 2489/523/177 1873/524/177 2669/525/177
f 2502/526/178 2707/527/178 2634/528/178
f 2742/529/179 2567/530/179 2533/531/179
f 2760/532/180 2565/533/180 2493/534/180
f 2501/535/181 2497/536/181 2560/537/181
f 2492/538/182 2486/539/182 2504/540/182
f 2595/541/183 1872/542/183 1638/543/183
f 1875/544/184 2883/545/184 2671/546/184
f 2741/547/185 2529/548/185 2487/549/185
f 2436/550/186 2746/551/186 2570/552/186
f 2550/553/187 2569/554/187 2743/555/187
f 2548/556/188 2530/557/188 87/558/188
f 185/559/189 2500/560/189 2505/561/189
f 2990/562/190 1531/563/190 697/564/190
f 1097/565/191 1038/566/191 735/567/191
f 2992/568/192 1516/569/192 2988/570/192
f 2989/571/193 696/572/193 1158/573/193
f 740/574/194 1515/575/194 1096/576/194
f 748/577/195 1054/578/195 792/579/195
f 980/580/196 1224/581/196 917/582/196
f 2993/583/197 1152/584/197 1511/585/197
f 1518/586/198 738/587/198 1532/588/198
f 361/589/199 186/590/199 486/591/199
f 1042/592/200 1095/593/200 981/594/200
f 984/595/201 919/596/201 1040/597/201
f 1225/598/202 983/599/202 1512/600/202
f 1105/601/203 752/602/203 838/603/203
f 1877/604/204 795/605/204 1056/606/204
f 793/607/205 790/608/205 1057/609/205
f 1886/610/206 1878/611/206 1164/612/206
f 1267/613/207 1100/614/207 794/615/207
f 1881/616/208 1883/617/208 1361/618/208
f 791/619/209 1098/620/209 749/621/209
f 1155/622/210 1101/623/210 1270/624/210
f 1879/625/211 1362/626/211 1226/627/211
f 1160/628/212 1104/629/212 933/630/212
f 1551/631/213 637/632/213 884/633/213
f 1178/634/214 1295/635/214 900/636/214
f 903/637/215 1293/638/215 636/639/215
f 1496/640/216 774/641/216 895/642/216
f 1294/643/217 967/644/217 632/645/217
f 896/646/218 1181/647/218 902/648/218
f 638/649/219 904/650/219 899/651/219
f 1296/652/220 631/653/220 635/654/220
f 906/655/221 433/656/221 1550/657/221
f 1573/658/222 634/659/222 973/660/222
f 971/661/223 196/662/223 1179/663/223
f 1798/664/224 808/665/224 803/666/224
f 1584/667/225 2407/668/225 1789/669/225
f 2355/670/226 1799/671/226 2409/672/226
f 1785/673/227 2391/674/227 1582/675/227
f 2410/676/228 1807/677/228 1790/678/228
f 1788/679/229 641/680/229 2342/681/229
f 1092/682/230 1351/683/230 1644/684/230
f 809/685/231 1606/686/231 879/687/231
f 1818/688/232 1806/689/232 804/690/232
f 1000/691/233 1469/692/233 1365/693/233
f 893/694/234 1471/695/234 1497/696/234
f 1216/697/235 1298/698/235 1221/699/235
f 887/700/236 210/701/236 894/702/236
f 1470/703/237 889/704/237 1297/705/237
f 1300/706/238 891/707/238 1222/708/238
f 1363/709/239 1346/710/239 999/711/239
f 1347/712/240 1059/713/240 1169/714/240
f 849/715/241 757/716/241 1167/717/241
f 758/718/242 1348/719/242 1172/720/242
f 755/721/243 744/722/243 760/723/243
f 1367/724/244 1061/725/244 475/726/244
f 1364/727/245 1219/728/245 1060/729/245
f 2170/730/246 2135/731/246 2141/732/246
f 1376/733/247 2090/734/247 1945/735/247
f 2136/736/248 1382/737/248 2142/738/248
f 1380/739/249 2164/740/249 1374/741/249
f 1375/742/250 1927/743/250 2145/744/250
f 2092/745/251 2165/746/251 2137/747/251
f 2033/748/252 2139/749/252 2144/750/252
f 2153/751/253 2150/752/253 2002/753/253
f 1984/754/254 218/755/254 2169/756/254
f 1840/757/255 2009/758/255 1935/759/255
f 1020/760/256 1492/761/256 1320/762/256
f 2148/763/257 1936/764/257 2003/765/257
f 1024/766/258 1322/767/258 989/768/258
f 2149/769/259 2031/770/259 1928/771/259
f 2146/772/260 2143/773/260 1381/774/260
f 291/775/261 211/776/261 2138/777/261
f 1947/778/262 2091/779/262 1852/780/262
f 1622/781/263 1393/782/263 2346/783/263
f 1738/784/264 1290/785/264 1252/786/264
f 2371/787/265 2350/788/265 1302/789/265
f 1394/790/266 2348/791/266 2344/792/266
f 1616/793/267 1627/794/267 2996/795/267
f 1395/796/268 1305/797/268 2351/798/268
f 1248/799/269 1621/800/269 781/801/269
f 2367/802/270 1617/803/270 2998/804/270
f 1614/805/271 769/806/271 929/807/271
f 1834/808/272 1618/809/272 2368/810/272
f 2562/811/273 2803/812/273 2866/813/273
f 2872/814/274 2847/815/274 2891/816/274
f 2723/817/275 2877/818/275 2864/819/275
f 2108/820/276 2116/821/276 2961/822/276
f 94/823/277 168/824/277 2111/825/277
f 2603/826/278 1539/827/278 1523/828/278
f 2792/829/279 2648/830/279 232/831/279
f 2676/832/280 2498/833/280 2672/834/280
f 2588/835/281 2791/836/281 2659/837/281
f 2949/838/282 2854/839/282 2815/840/282
f 2950/841/283 2813/842/283 2846/843/283
f 2873/844/284 2954/845/284 2848/846/284
f 229/847/285 233/848/285 81/849/285
f 2951/850/286 2729/851/286 2852/852/286
f 1517/853/287 188/854/287 1510/855/287
f 880/856/288 805/857/288 811/858/288
f 1139/859/289 1503/860/289 2376/861/289
f 1144/862/290 2628/863/290 1045/864/290
f 1001/865/291 1499/866/291 1472/867/291
f 1106/868/292 1165/869/292 753/870/292
f 855/871/293 1058/872/293 713/873/293
f 1138/874/294 1143/875/294 1051/876/294
f 1026/877/295 866/878/295 799/879/295
f 1388/880/296 949/881/296 1338/882/296
f 1157/883/297 695/884/297 1183/885/297
f 982/886/298 1514/887/298 1513/888/298
f 998/889/299 756/890/299 762/891/299
f 918/892/300 1228/893/300 1360/894/300
f 2080/895/301 2229/896/301 2084/897/301
f 417/898/302 1299/899/302 1366/900/302
f 1027/901/303 1483/902/303 1191/903/303
f 194/904/304 796/905/304 484/906/304
f 420/907/305 764/908/305 1498/909/305
f 1148/910/306 2994/911/306 1156/912/306
f 1760/913/307 1369/914/307 1491/915/307
f 1269/916/308 1880/917/308 1227/918/308
f 1182/919/309 974/920/309 1177/921/309
f 867/922/310 1384/923/310 628/924/310
f 970/925/311 1192/926/311 1575/927/311
f 1833/928/312 2366/929/312 2349/930/312
f 177/931/313 178/932/313 176/933/313
f 425/934/314 207/935/314 205/936/314
f 1271/937/315 192/938/315 1882/939/315
f 1390/940/316 1340/941/316 737/942/316
f 646/943/317 1613/944/317 1813/945/317
f 1173/946/318 629/947/318 575/948/318
f 1832/949/319 1430/950/319 1421/951/319
f 1093/952/320 1046/953/320 1352/954/320
f 771/955/321 1500/956/321 761/957/321
f 751/958/322 1099/959/322 772/960/322
f 208/961/323 1002/962/323 1349/963/323
f 724/964/324 1719/965/324 1476/966/324
f 487/967/325 1163/968/325 1055/969/325
f 1031/970/326 968/971/326 1185/972/326
f 1519/973/327 249/974/327 375/975/327
f 1448/976/328 1455/977/328 1474/978/328
f 730/979/329 1084/980/329 1133/981/329
f 1509/982/330 1268/983/330 477/984/330
f 1903/985/331 948/986/331 1569/987/331
f 1266/988/332 187/989/332 1149/990/332
f 1392/991/333 1246/992/333 1250/993/333
f 2347/994/334 2997/995/334 1623/996/334
f 1504/997/335 7/998/335 1052/999/335
f 1044/1000/336 1049/1001/336 1146/1002/336
f 969/1003/337 1036/1004/337 1188/1005/337
f 2001/1006/338 2007/1007/338 2022/1008/338
f 1205/1009/339 1537/1010/339 732/1011/339
f 589/1012/340 1399/1013/340 586/1014/340
f 1699/1015/341 831/1016/341 1242/1017/341
f 2104/1018/342 1987/1019/342 1975/1020/342
f 1615/1021/343 1836/1022/343 1419/1023/343
f 1371/1024/344 1764/1025/344 1658/1026/344
f 1756/1027/345 2393/1028/345 1783/1029/345
f 1784/1030/346 1579/1031/346 2340/1032/346
f 907/1033/347 1259/1034/347 1263/1035/347
f 2408/1036/348 806/1037/348 255/1038/348
f 1574/1039/349 883/1040/349 633/1041/349
f 1264/1042/350 897/1043/350 901/1044/350
f 2546/1045/351 2507/1046/351 2512/1047/351
f 1062/1048/352 1218/1049/352 714/1050/352
f 1804/1051/353 2354/1052/353 2392/1053/353
f 1283/1054/354 2369/1055/354 1301/1056/354
f 1458/1057/355 1885/1058/355 1481/1059/355
f 1456/1060/356 1449/1061/356 1888/1062/356
f 191/1063/357 190/1064/357 274/1065/357
f 1722/1066/358 1135/1067/358 1085/1068/358
f 1865/1069/359 2067/1070/359 1732/1071/359
f 1730/1072/360 1723/1073/360 1086/1074/360
f 1041/1075/361 911/1076/361 1570/1077/361
f 1129/1078/362 590/1079/362 726/1080/362
f 2666/1081/363 1897/1082/363 1893/1083/363
f 1460/1084/364 2664/1085/364 1465/1086/364
f 1892/1087/365 1398/1088/365 1507/1089/365
f 1337/1090/366 946/1091/366 942/1092/366
f 577/1093/367 624/1094/367 1414/1095/367
f 1039/1096/368 1571/1097/368 1389/1098/368
f 1894/1099/369 1466/1100/369 25/1101/369
f 2094/1102/370 2972/1103/370 1745/1104/370
f 2023/1105/371 1682/1106/371 1237/1107/371
f 1848/1108/372 1680/1109/372 1686/1110/372
f 1954/1111/373 1949/1112/373 2308/1113/373
f 990/1114/374 993/1115/374 1240/1116/374
f 1209/1117/375 664/1118/375 1280/1119/375
f 2299/1120/376 2132/1121/376 2018/1122/376
f 296/1123/377 278/1124/377 265/1125/377
f 2096/1126/378 1743/1127/378 1065/1128/378
f 1560/1129/379 2167/1130/379 1701/1131/379
f 2656/1132/380 2714/1133/380 2596/1134/380
f 1977/1135/381 1990/1136/381 2301/1137/381
f 2073/1138/382 1933/1139/382 2055/1140/382
f 2024/1141/383 1235/1142/383 1711/1143/383
f 217/1144/384 2006/1145/384 294/1146/384
f 2074/1147/385 1906/1148/385 1932/1149/385
f 2127/1150/386 1703/1151/386 2005/1152/386
f 2217/1153/387 242/1154/387 2087/1155/387
f 2518/1156/388 2475/1157/388 2414/1158/388
f 1992/1159/389 2133/1160/389 153/1161/389
f 2168/1162/390 2174/1163/390 470/1164/390
f 2151/1165/391 1939/1166/391 1934/1167/391
f 2032/1168/392 2155/1169/392 1702/1170/392
f 1972/1171/393 1871/1172/393 1744/1173/393
f 2175/1174/394 1559/1175/394 1564/1176/394
f 1377/1177/395 1944/1178/395 1940/1179/395
f 1563/1180/396 1706/1181/396 2129/1182/396
f 299/1183/397 2140/1184/397 1705/1185/397
f 215/1186/398 214/1187/398 213/1188/398
f 2035/1189/399 295/1190/399 212/1191/399
f 2088/1192/400 1982/1193/400 2046/1194/400
f 2152/1195/401 1929/1196/401 1942/1197/401
f 2166/1198/402 2093/1199/402 219/1200/402
f 290/1201/403 301/1202/403 2034/1203/403
f 1314/1204/404 2241/1205/404 2223/1206/404
f 2213/1207/405 2207/1208/405 2252/1209/405
f 2330/1210/406 98/1211/406 240/1212/406
f 1379/1213/407 300/1214/407 1930/1215/407
f 2282/1216/408 2975/1217/408 288/1218/408
f 2253/1219/409 96/1220/409 340/1221/409
f 1925/1222/410 2315/1223/410 1950/1224/410
f 145/1225/411 93/1226/411 158/1227/411
f 2204/1228/412 2260/1229/412 95/1230/412
f 1924/1231/413 1951/1232/413 2257/1233/413
f 170/1234/414 174/1235/414 173/1236/414
f 289/1237/415 1926/1238/415 164/1239/415
f 343/1240/416 308/1241/416 2312/1242/416
f 2176/1243/417 2171/1244/417 304/1245/417
f 2066/1246/418 1405/1247/418 2039/1248/418
f 1747/1249/419 2199/1250/419 1980/1251/419
f 175/1252/420 2232/1253/420 2206/1254/420
f 1859/1255/421 1566/1256/421 1862/1257/421
f 1074/1258/422 1979/1259/422 2300/1260/422
f 2053/1261/423 1912/1262/423 2037/1263/423
f 163/1264/424 1714/1265/424 2017/1266/424
f 2095/1267/425 1916/1268/425 2303/1269/425
f 1067/1270/426 1914/1271/426 2097/1272/426
f 379/1273/427 1911/1274/427 2068/1275/427
f 1919/1276/428 1907/1277/428 2305/1278/428
f 2338/1279/429 146/1280/429 238/1281/429
f 297/1282/430 161/1283/430 165/1284/430
f 327/1285/431 2902/1286/431 2201/1287/431
f 2288/1288/432 2286/1289/432 2332/1290/432
f 2519/1291/433 2785/1292/433 2525/1293/433
f 2078/1294/434 2205/1295/434 2231/1296/434
f 776/1297/435 1180/1298/435 898/1299/435
f 2582/1300/436 2687/1301/436 9/1302/436
f 1827/1303/437 1812/1304/437 1612/1305/437
f 876/1306/438 882/1307/438 1817/1308/438
f 427/1309/439 1801/1310/439 1797/1311/439
f 1578/1312/440 1581/1313/440 1791/1314/440
f 645/1315/441 1341/1316/441 1610/1317/441
f 1028/1318/442 1195/1319/442 1386/1320/442
f 1620/1321/443 2999/1322/443 1625/1323/443
f 2352/1324/444 2372/1325/444 1835/1326/444
f 1254/1327/445 1304/1328/445 226/1329/445
f 2345/1330/446 220/1331/446 2365/1332/446
f 354/1333/447 224/1334/447 225/1335/447
f 1303/1336/448 324/1337/448 1291/1338/448
f 1792/1339/449 1808/1340/449 642/1341/449
f 1536/1342/450 1529/1343/450 733/1344/450
f 2374/1345/451 1501/1346/451 1032/1347/451
f 1540/1348/452 862/1349/452 652/1350/452
f 2396/1351/453 2401/1352/453 2477/1353/453
f 693/1354/454 2375/1355/454 1034/1356/454
f 1533/1357/455 1538/1358/455 2373/1359/455
f 1522/1360/456 583/1361/456 1678/1362/456
f 2394/1363/457 1825/1364/457 1802/1365/457
f 1829/1366/458 1750/1367/458 1811/1368/458
f 1577/1369/459 1819/1370/459 412/1371/459
f 1749/1372/460 1778/1373/460 1755/1374/460
f 346/1375/461 881/1376/461 1821/1377/461
f 2353/1378/462 344/1379/462 1583/1380/462
f 1758/1381/463 1777/1382/463 1328/1383/463
f 648/1384/464 1485/1385/464 1345/1386/464
f 1580/1387/465 1787/1388/465 1585/1389/465
f 1816/1390/466 1484/1391/466 647/1392/466
f 807/1393/467 2411/1394/467 1800/1395/467
f 2341/1396/468 1752/1397/468 1786/1398/468
f 1576/1399/469 1486/1400/469 200/1401/469
f 2343/1402/470 202/1403/470 246/1404/470
f 1815/1405/471 640/1406/471 644/1407/471
f 1809/1408/472 1820/1409/472 649/1410/472
f 1189/1411/473 1556/1412/473 1199/1413/473
f 2429/1414/474 1145/1415/474 1140/1416/474
f 2377/1417/475 651/1418/475 1141/1419/475
f 621/1420/476 251/1421/476 626/1422/476
f 1413/1423/477 623/1424/477 1408/1425/477
f 1194/1426/478 622/1427/478 1385/1428/478
f 1521/1429/479 1677/1430/479 1355/1431/479
f 2460/1432/480 2782/1433/480 2516/1434/480
f 1646/1435/481 1676/1436/481 1415/1437/481
f 1204/1438/482 1520/1439/482 1/1440/482
f 582/1441/483 1527/1442/483 1206/1443/483
f 1679/1444/484 585/1445/484 1416/1446/484
f 423/1447/485 1193/1448/485 1409/1449/485
f 1645/1450/486 1356/1451/486 258/1452/486
f 2658/1453/487 2593/1454/487 2590/1455/487
f 2675/1456/488 2557/1457/488 2561/1458/488
f 2532/1459/489 2547/1460/489 1640/1461/489
f 1526/1462/490 2594/1463/490 2600/1464/490
f 2598/1465/491 1525/1466/491 2657/1467/491
f 2339/1468/492 432/1469/492 1814/1470/492
f 1354/1471/493 366/1472/493 1350/1473/493
f 2537/1474/494 2592/1475/494 1524/1476/494
f 2380/1477/495 2629/1478/495 2616/1479/495
f 653/1480/496 2617/1481/496 2430/1482/496
f 1502/1483/497 1053/1484/497 1554/1485/497
f 643/1486/498 1810/1487/498 453/1488/498
f 655/1489/499 2432/1490/499 1142/1491/499
f 452/1492/500 415/1493/500 448/1494/500
f 861/1495/501 1637/1496/501 657/1497/501
f 2578/1498/502 1353/1499/502 1047/1500/502
f 2422/1501/503 2544/1502/503 2622/1503/503
f 1090/1504/504 1557/1505/504 1050/1506/504
f 1094/1507/505 250/1508/505 1048/1509/505
f 2450/1510/506 2480/1511/506 2402/1512/506
f 2680/1513/507 2386/1514/507 2473/1515/507
f 2580/1516/508 234/1517/508 2631/1518/508
f 1506/1519/509 1401/1520/509 943/1521/509
f 2524/1522/510 2455/1523/510 2508/1524/510
f 2630/1525/511 392/1526/511 2431/1527/511
f 1329/1528/512 1824/1529/512 1757/1530/512
f 136/1531/513 2583/1532/513 1358/1533/513
f 16/1534/514 15/1535/514 14/1536/514
f 2441/1537/515 59/1538/515 2333/1539/515
f 8/1540/516 2378/1541/516 1542/1542/516
f 2618/1543/517 650/1544/517 656/1545/517
f 860/1546/518 858/1547/518 2602/1548/518
f 660/1549/519 654/1550/519 863/1551/519
f 864/1552/520 1541/1553/520 859/1554/520
f 365/1555/521 203/1556/521 1754/1557/521
f 3/1558/522 1874/1559/522 2531/1560/522
f 70/1561/523 2660/1562/523 2/1563/523
f 2459/1564/524 2514/1565/524 2454/1566/524
f 2626/1567/525 140/1568/525 2663/1569/525
f 2781/1570/526 2619/1571/526 2515/1572/526
f 1528/1573/527 142/1574/527 2539/1575/527
f 952/1576/528 42/1577/528 41/1578/528
f 139/1579/529 20/1580/529 138/1581/529
f 1461/1582/530 1891/1583/530 1453/1584/530
f 592/1585/531 1451/1586/531 1720/1587/531
f 1898/1588/532 1450/1589/532 591/1590/532
f 1889/1591/533 1463/1592/533 1902/1593/533
f 1899/1594/534 593/1595/534 587/1596/534
f 1452/1597/535 23/1598/535 2665/1599/535
f 707/1600/536 1075/1601/536 1127/1602/536
f 1397/1603/537 594/1604/537 1128/1605/537
f 1918/1606/538 1064/1607/538 1731/1608/538
f 2069/1609/539 1867/1610/539 1406/1611/539
f 1905/1612/540 1917/1613/540 1909/1614/540
f 2304/1615/541 328/1616/541 2071/1617/541
f 1107/1618/542 935/1619/542 1103/1620/542
f 1479/1621/543 939/1622/543 1473/1623/543
f 1239/1624/544 1234/1625/544 1494/1626/544
f 33/1627/545 2667/1628/545 37/1629/545
f 1890/1630/546 914/1631/546 1457/1632/546
f 913/1633/547 1884/1634/547 1459/1635/547
f 1901/1636/548 1572/1637/548 912/1638/548
f 485/1639/549 30/1640/549 270/1641/549
f 1130/1642/550 725/1643/550 708/1644/550
f 1900/1645/551 588/1646/551 1895/1647/551
f 727/1648/552 32/1649/552 1721/1650/552
f 1402/1651/553 1896/1652/553 29/1653/553
f 1467/1654/554 950/1655/554 1462/1656/554
f 1505/1657/555 945/1658/555 947/1659/555
f 1508/1660/556 1468/1661/556 36/1662/556
f 24/1663/557 38/1664/557 951/1665/557
f 39/1666/558 1464/1667/558 239/1668/558
f 1078/1669/559 739/1670/559 1339/1671/559
f 275/1672/560 1904/1673/560 40/1674/560
f 105/1675/561 2779/1676/561 2838/1677/561
f 2490/1678/562 179/1679/562 184/1680/562
f 92/1681/563 137/1682/563 135/1683/563
f 1639/1684/564 2601/1685/564 2599/1686/564
f 231/1687/565 1642/1688/565 17/1689/565
f 2804/1690/566 83/1691/566 143/1692/566
f 80/1693/567 2712/1694/567 2790/1695/567
f 1543/1696/568 2604/1697/568 358/1698/568
f 2509/1699/569 2549/1700/569 2478/1701/569
f 2652/1702/570 2724/1703/570 131/1704/570
f 2448/1705/571 2453/1706/571 2406/1707/571
f 2481/1708/572 2451/1709/572 2510/1710/572
f 2610/1711/573 2423/1712/573 2623/1713/573
f 2713/1714/574 182/1715/574 2882/1716/574
f 2748/1717/575 2388/1718/575 2754/1719/575
f 12/1720/576 259/1721/576 69/1722/576
f 2398/1723/577 2479/1724/577 2744/1725/577
f 2495/1726/578 2571/1727/578 2740/1728/578
f 48/1729/579 44/1730/579 45/1731/579
f 2435/1732/580 2285/1733/580 2766/1734/580
f 2397/1735/581 2745/1736/581 2767/1737/581
f 2632/1738/582 2382/1739/582 2581/1740/582
f 2400/1741/583 2607/1742/583 2403/1743/583
f 2613/1744/584 2627/1745/584 2404/1746/584
f 658/1747/585 2513/1748/585 2620/1749/585
f 66/1750/586 2526/1751/586 2772/1752/586
f 2458/1753/587 13/1754/587 51/1755/587
f 2572/1756/588 2577/1757/588 2383/1758/588
f 2517/1759/589 659/1760/589 2551/1761/589
f 2452/1762/590 2527/1763/590 2511/1764/590
f 55/1765/591 1641/1766/591 2552/1767/591
f 2780/1768/592 2749/1769/592 2755/1770/592
f 2418/1771/593 2456/1772/593 2786/1773/593
f 2621/1774/594 2783/1775/594 2384/1776/594
f 2691/1777/595 110/1778/595 2576/1779/595
f 2528/1780/596 237/1781/596 56/1782/596
f 58/1783/597 2747/1784/597 89/1785/597
f 2787/1786/598 2412/1787/598 2417/1788/598
f 57/1789/599 67/1790/599 63/1791/599
f 2751/1792/600 65/1793/600 2462/1794/600
f 2784/1795/601 2753/1796/601 2381/1797/601
f 2385/1798/602 2575/1799/602 2379/1800/602
f 2419/1801/603 2752/1802/603 2461/1803/603
f 2750/1804/604 2420/1805/604 2413/1806/604
f 2389/1807/605 2415/1808/605 2476/1809/605
f 62/1810/606 2416/1811/606 4/1812/606
f 61/1813/607 53/1814/607 2457/1815/607
f 60/1816/608 2788/1817/608 2522/1818/608
f 2474/1819/609 2521/1820/609 2482/1821/609
f 19/1822/610 2523/1823/610 52/1824/610
f 54/1825/611 2390/1826/611 64/1827/611
f 2491/1828/612 2496/1829/612 183/1830/612
f 2920/1831/613 2807/1832/613 2816/1833/613
f 189/1834/614 2995/1835/614 2991/1836/614
f 2424/1837/615 2421/1838/615 2615/1839/615
f 2589/1840/616 144/1841/616 2685/1842/616
f 90/1843/617 2641/1844/617 2717/1845/617
f 71/1846/618 2463/1847/618 2468/1848/618
f 74/1849/619 2635/1850/619 2805/1851/619
f 79/1852/620 2793/1853/620 141/1854/620
f 2608/1855/621 2614/1856/621 75/1857/621
f 244/1858/622 2291/1859/622 2720/1860/622
f 76/1861/623 2437/1862/623 2442/1863/623
f 2833/1864/624 2849/1865/624 2814/1866/624
f 2642/1867/625 49/1868/625 2768/1869/625
f 1876/1870/626 2597/1871/626 2884/1872/626
f 2769/1873/627 50/1874/627 2643/1875/627
f 2844/1876/628 114/1877/628 2732/1878/628
f 78/1879/629 2737/1880/629 2722/1881/629
f 2796/1882/630 2832/1883/630 129/1884/630
f 2472/1885/631 2465/1886/631 2733/1887/631
f 2506/1888/632 2637/1889/632 107/1890/632
f 2705/1891/633 68/1892/633 2710/1893/633
f 2428/1894/634 2545/1895/634 18/1896/634
f 2485/1897/635 2681/1898/635 91/1899/635
f 43/1900/636 2715/1901/636 46/1902/636
f 2820/1903/637 106/1904/637 2638/1905/637
f 72/1906/638 228/1907/638 133/1908/638
f 2564/1909/639 181/1910/639 180/1911/639
f 2811/1912/640 2738/1913/640 2467/1914/640
f 103/1915/641 122/1916/641 117/1917/641
f 2563/1918/642 73/1919/642 2677/1920/642
f 2947/1921/643 127/1922/643 82/1923/643
f 2778/1924/644 128/1925/644 2739/1926/644
f 1123/1927/645 1687/1928/645 1837/1929/645
f 1315/1930/646 1108/1931/646 604/1932/646
f 1870/1933/647 1070/1934/647 1063/1935/647
f 1707/1936/648 1849/1937/648 602/1938/648
f 1323/1939/649 1683/1940/649 1847/1941/649
f 1321/1942/650 383/1943/650 1709/1944/650
f 987/1945/651 1325/1946/651 1708/1947/651
f 1116/1948/652 1692/1949/652 1122/1950/652
f 1994/1951/653 1967/1952/653 2013/1953/653
f 932/1954/654 1082/1955/654 938/1956/654
f 1318/1957/655 934/1958/655 264/1959/655
f 2357/1960/656 1011/1961/656 1634/1962/656
f 1607/1963/657 810/1964/657 1803/1965/657
f 1073/1966/658 2302/1967/658 2019/1968/658
f 1068/1969/659 1071/1970/659 1712/1971/659
f 1689/1972/660 605/1973/660 1850/1974/660
f 991/1975/661 1136/1976/661 1724/1977/661
f 1478/1978/662 35/1979/662 1454/1980/662
f 1087/1981/663 1475/1982/663 941/1983/663
f 731/1984/664 1535/1985/664 734/1986/664
f 916/1987/665 909/1988/665 479/1989/665
f 1733/1990/666 996/1991/666 1725/1992/666
f 2230/1993/667 2307/1994/667 2072/1995/667
f 1767/1996/668 1650/1997/668 1664/1998/668
f 995/1999/669 1713/2000/669 1243/2001/669
f 1716/2002/670 994/2003/670 1066/2004/670
f 1659/2005/671 1334/2006/671 1773/2007/671
f 1649/2008/672 1326/2009/672 1331/2010/672
f 1359/2011/673 1887/2012/673 910/2013/673
f 2076/2014/674 2070/2015/674 1962/2016/674
f 944/2017/675 1077/2018/675 372/2019/675
f 2075/2020/676 2054/2021/676 1961/2022/676
f 285/2023/677 2036/2024/677 1959/2025/677
f 1963/2026/678 2038/2027/678 1845/2028/678
f 283/2029/679 1915/2030/679 2065/2031/679
f 1400/2032/680 1079/2033/680 22/2034/680
f 1604/2035/681 1769/2036/681 1589/2037/681
f 1316/2038/682 1403/2039/682 1864/2040/682
f 1866/2041/683 1735/2042/683 1088/2043/683
f 2147/2044/684 1383/2045/684 1378/2046/684
f 1134/2047/685 330/2048/685 1241/2049/685
f 1681/2050/686 1838/2051/686 1691/2052/686
f 1118/2053/687 1126/2054/687 1839/2055/687
f 1843/2056/688 1404/2057/688 1728/2058/688
f 1211/2059/689 869/2060/689 627/2061/689
f 829/2062/690 1131/2063/690 1244/2064/690
f 1022/2065/691 1213/2066/691 830/2067/691
f 1685/2068/692 1324/2069/692 1236/2070/692
f 834/2071/693 702/2072/693 1132/2073/693
f 705/2074/694 835/2075/694 1174/2076/694
f 1694/2077/695 1965/2078/695 1958/2079/695
f 286/2080/696 262/2081/696 26/2082/696
f 1960/2083/697 1125/2084/697 1697/2085/697
f 1868/2086/698 263/2087/698 936/2088/698
f 1931/2089/699 1910/2090/699 2056/2091/699
f 371/2092/700 1333/2093/700 1666/2094/700
f 1555/2095/701 1033/2096/701 363/2097/701
f 1717/2098/702 329/2099/702 322/2100/702
f 1684/2101/703 2008/2102/703 376/2103/703
f 2363/2104/704 1332/2105/704 1780/2106/704
f 997/2107/705 992/2108/705 471/2109/705
f 682/2110/706 1208/2111/706 1424/2112/706
f 1597/2113/707 1285/2114/707 1740/2115/707
f 2192/2116/708 1953/2117/708 2186/2118/708
f 1119/2119/709 1941/2120/709 1946/2121/709
f 1605/2122/710 345/2123/710 1823/2124/710
f 1436/2125/711 1629/2126/711 825/2127/711
f 1652/2128/712 1549/2129/712 1544/2130/712
f 1197/2131/713 1091/2132/713 1647/2133/713
f 1657/2134/714 1674/2135/714 1662/2136/714
f 2195/2137/715 2255/2138/715 1956/2139/715
f 2040/2140/716 334/2141/716 1846/2142/716
f 1966/2143/717 2202/2144/717 2077/2145/717
f 282/2146/718 332/2147/718 2235/2148/718
f 1124/2149/719 1964/2150/719 1844/2151/719
f 1913/2152/720 27/2153/720 1908/2154/720
f 150/2155/721 1968/2156/721 2261/2157/721
f 2360/2158/722 1635/2159/722 1795/2160/722
f 236/2161/723 256/2162/723 416/2163/723
f 1695/2164/724 1117/2165/724 1851/2166/724
f 1633/2167/725 1600/2168/725 1774/2169/725
f 28/2170/726 1493/2171/726 1700/2172/726
f 1245/2173/727 1718/2174/727 1238/2175/727
f 1202/2176/728 360/2177/728 736/2178/728
f 1598/2179/729 1741/2180/729 1441/2181/729
f 1609/2182/730 1343/2183/730 959/2184/730
f 956/2185/731 1109/2186/731 839/2187/731
f 1751/2188/732 2358/2189/732 1781/2190/732
f 662/2191/733 1207/2192/733 609/2193/733
f 1210/2194/734 681/2195/734 611/2196/734
f 826/2197/735 1439/2198/735 1433/2199/735
f 1444/2200/736 1737/2201/736 1253/2202/736
f 298/2203/737 2049/2204/737 1853/2205/737
f 2121/2206/738 160/2207/738 2117/2208/738
f 958/2209/739 963/2210/739 1611/2211/739
f 988/2212/740 1710/2213/740 598/2214/740
f 1562/2215/741 166/2216/741 1568/2217/741
f 1759/2218/742 426/2219/742 1753/2220/742
f 2026/2221/743 2010/2222/743 381/2223/743
f 1828/2224/744 1012/2225/744 2359/2226/744
f 1121/2227/745 261/2228/745 1855/2229/745
f 877/2230/746 1552/2231/746 886/2232/746
f 260/2233/747 692/2234/747 1530/2235/747
f 1989/2236/748 2106/2237/748 2048/2238/748
f 1120/2239/749 1937/2240/749 1943/2241/749
f 1938/2242/750 292/2243/750 1841/2244/750
f 1003/2245/751 1009/2246/751 964/2247/751
f 1006/2248/752 966/2249/752 960/2250/752
f 1004/2251/753 1425/2252/753 1229/2253/753
f 1231/2254/754 1632/2255/754 1010/2256/754
f 925/2257/755 961/2258/755 798/2259/755
f 1233/2260/756 406/2261/756 463/2262/756
f 915/2263/757 271/2264/757 273/2265/757
f 2052/2266/758 1985/2267/758 1991/2268/758
f 279/2269/759 154/2270/759 2027/2271/759
f 878/2272/760 1548/2273/760 1553/2274/760
f 1336/2275/761 2364/2276/761 1775/2277/761
f 1434/2278/762 1289/2279/762 1736/2280/762
f 1794/2281/763 1779/2282/763 339/2283/763
f 408/2284/764 1660/2285/764 1667/2286/764
f 1651/2287/765 1766/2288/765 1327/2289/765
f 2361/2290/766 245/2291/766 457/2292/766
f 723/2293/767 1477/2294/767 1083/2295/767
f 1595/2296/768 1440/2297/768 815/2298/768
f 1407/2299/769 1317/2300/769 1727/2301/769
f 303/2302/770 2125/2303/770 2120/2304/770
f 674/2305/771 824/2306/771 1630/2307/771
f 31/2308/772 1161/2309/772 1480/2310/772
f 1013/2311/773 1830/2312/773 965/2313/773
f 927/2314/774 1007/2315/774 349/2316/774
f 1021/2317/775 868/2318/775 355/2319/775
f 10/2320/776 1201/2321/776 6/2322/776
f 940/2323/777 1162/2324/777 937/2325/777
f 1076/2326/778 580/2327/778 1203/2328/778
f 1029/2329/779 1344/2330/779 1487/2331/779
f 2182/2332/780 2194/2333/780 2187/2334/780
f 1175/2335/781 1212/2336/781 461/2337/781
f 2181/2338/782 2178/2339/782 2050/2340/782
f 2103/2341/783 1923/2342/783 2099/2343/783
f 1089/2344/784 728/2345/784 721/2346/784
f 1970/2347/785 2079/2348/785 333/2349/785
f 1854/2350/786 2042/2351/786 1696/2352/786
f 2012/2353/787 2028/2354/787 2188/2355/787
f 449/2356/788 1831/2357/788 352/2358/788
f 2045/2359/789 2179/2360/789 2041/2361/789
f 1482/2362/790 1166/2363/790 488/2364/790
f 2029/2365/791 2015/2366/791 2177/2367/791
f 436/2368/792 1822/2369/792 1768/2370/792
f 34/2371/793 478/2372/793 21/2373/793
f 1748/2374/794 162/2375/794 384/2376/794
f 1631/2377/795 1443/2378/795 676/2379/795
f 155/2380/796 2254/2381/796 2101/2382/796
f 1342/2383/797 800/2384/797 962/2385/797
f 2043/2386/798 2180/2387/798 2014/2388/798
f 1655/2389/799 905/2390/799 418/2391/799
f 1286/2392/800 1594/2393/800 1590/2394/800
f 729/2395/801 1137/2396/801 701/2397/801
f 1969/2398/802 1693/2399/802 2011/2400/802
f 2016/2401/803 310/2402/803 2044/2403/803
f 317/2404/804 2030/2405/804 2184/2406/804
f 663/2407/805 1489/2408/805 1372/2409/805
f 782/2410/806 928/2411/806 921/2412/806
f 2259/2413/807 1993/2414/807 1997/2415/807
f 1288/2416/808 1742/2417/808 1282/2418/808
f 293/2419/809 397/2420/809 267/2421/809
f 930/2422/810 1626/2423/810 466/2424/810
f 814/2425/811 673/2426/811 666/2427/811
f 1023/2428/812 357/2429/812 1698/2430/812
f 1619/2431/813 1420/2432/813 768/2433/813
f 2189/2434/814 1995/2435/814 305/2436/814
f 1628/2437/815 783/2438/815 1624/2439/815
f 1287/2440/816 223/2441/816 1292/2442/816
f 1247/2443/817 786/2444/817 1251/2445/817
f 2098/2446/818 2183/2447/818 2047/2448/818
f 1654/2449/819 1762/2450/819 1258/2451/819
f 1636/2452/820 1232/2453/820 1601/2454/820
f 309/2455/821 2185/2456/821 311/2457/821
f 338/2458/822 2193/2459/822 2100/2460/822
f 287/2461/823 2102/2462/823 314/2463/823
f 342/2464/824 320/2465/824 1996/2466/824
f 1080/2467/825 709/2468/825 584/2469/825
f 1278/2470/826 1368/2471/826 1599/2472/826
f 409/2473/827 1663/2474/827 1587/2475/827
f 2362/2476/828 1793/2477/828 1772/2478/828
f 603/2479/829 1690/2480/829 1726/2481/829
f 395/2482/830 1729/2483/830 1319/2484/830
f 670/2485/831 687/2486/831 874/2487/831
f 1111/2488/832 399/2489/832 456/2490/832
f 700/2491/833 722/2492/833 243/2493/833
f 1110/2494/834 955/2495/834 601/2496/834
f 331/2497/835 336/2498/835 370/2499/835
f 833/2500/836 483/2501/836 828/2502/836
f 1688/2503/837 268/2504/837 1842/2505/837
f 351/2506/838 326/2507/838 1796/2508/838
f 2051/2509/839 313/2510/839 302/2511/839
f 266/2512/840 284/2513/840 269/2514/840
f 281/2515/841 1734/2516/841 1069/2517/841
f 1602/2518/842 1230/2519/842 1277/2520/842
f 816/2521/843 827/2522/843 441/2523/843
f 677/2524/844 1446/2525/844 788/2526/844
f 1591/2527/845 1427/2528/845 1284/2529/845
f 1739/2530/846 1435/2531/846 402/2532/846
f 401/2533/847 430/2534/847 1442/2535/847
f 2190/2536/848 1957/2537/848 1998/2538/848
f 306/2539/849 316/2540/849 312/2541/849
f 227/2542/850 1438/2543/850 403/2544/850
f 318/2545/851 307/2546/851 2191/2547/851
f 407/2548/852 1030/2549/852 428/2550/852
f 1547/2551/853 1668/2552/853 1653/2553/853
f 1669/2554/854 1665/2555/854 1673/2556/854
f 1656/2557/855 198/2558/855 411/2559/855
f 1198/2560/856 1410/2561/856 972/2562/856
f 1765/2563/857 1490/2564/857 1257/2565/857
f 1279/2566/858 348/2567/858 1423/2568/858
f 1761/2569/859 410/2570/859 1671/2571/859
f 1675/2572/860 439/2573/860 1763/2574/860
f 347/2575/861 2395/2576/861 2356/2577/861
f 467/2578/862 353/2579/862 247/2580/862
f 1431/2581/863 356/2582/863 2370/2583/863
f 1370/2584/864 1661/2585/864 1771/2586/864
f 319/2587/865 335/2588/865 341/2589/865
f 367/2590/866 1805/2591/866 350/2592/866
f 252/2593/867 315/2594/867 369/2595/867
f 435/2596/868 199/2597/868 908/2598/868
f 779/2599/869 785/2600/869 1249/2601/869
f 1770/2602/870 1826/2603/870 373/2604/870
f 201/2605/871 1603/2606/871 1546/2607/871
f 1586/2608/872 1545/2609/872 1608/2610/872
f 438/2611/873 1670/2612/873 1588/2613/873
f 422/2614/874 253/2615/874 404/2616/874
f 1396/2617/875 221/2618/875 377/2619/875
f 1776/2620/876 464/2621/876 280/2622/876
f 836/2623/877 1214/2624/877 257/2625/877
f 444/2626/878 394/2627/878 1672/2628/878
f 841/2629/879 675/2630/879 787/2631/879
f 1330/2632/880 1782/2633/880 1335/2634/880
f 1373/2635/881 1281/2636/881 254/2637/881
f 222/2638/882 374/2639/882 413/2640/882
f 1274/2641/883 922/2642/883 766/2643/883
f 460/2644/884 1445/2645/884 1437/2646/884
f 1215/2647/885 277/2648/885 832/2649/885
f 325/2650/886 400/2651/886 468/2652/886
f 1447/2653/887 1255/2654/887 323/2655/887
f 789/2656/888 780/2657/888 845/2658/888
f 1495/2659/889 216/2660/889 380/2661/889
f 149/2662/890 241/2663/890 171/2664/890
f 597/2665/891 668/2666/891 986/2667/891
f 694/2668/892 1534/2669/892 691/2670/892
f 607/2671/893 717/2672/893 613/2673/893
f 1019/2674/894 985/2675/894 872/2676/894
f 813/2677/895 847/2678/895 1170/2679/895
f 1596/2680/896 812/2681/896 819/2682/896
f 784/2683/897 920/2684/897 842/2685/897
f 763/2686/898 750/2687/898 777/2688/898
f 1200/2689/899 975/2690/899 1190/2691/899
f 743/2692/900 953/2693/900 837/2694/900
f 1426/2695/901 1005/2696/901 683/2697/901
f 596/2698/902 848/2699/902 667/2700/902
f 1273/2701/903 610/2702/903 684/2703/903
f 840/2704/904 747/2705/904 742/2706/904
f 712/2707/905 976/2708/905 856/2709/905
f 1184/2710/906 472/2711/906 773/2712/906
f 954/2713/907 745/2714/907 850/2715/907
f 686/2716/908 797/2717/908 873/2718/908
f 716/2719/909 1112/2720/909 977/2721/909
f 669/2722/910 678/2723/910 843/2724/910
f 1643/2725/911 391/2726/911 1411/2727/911
f 443/2728/912 759/2729/912 421/2730/912
f 890/2731/913 618/2732/913 1223/2733/913
f 1272/2734/914 679/2735/914 685/2736/914
f 821/2737/915 818/2738/915 1168/2739/915
f 393/2740/916 1035/2741/916 698/2742/916
f 710/2743/917 715/2744/917 979/2745/917
f 846/2746/918 689/2747/918 469/2748/918
f 630/2749/919 1387/2750/919 625/2751/919
f 852/2752/920 817/2753/920 671/2754/920
f 574/2755/921 1417/2756/921 579/2757/921
f 1262/2758/922 888/2759/922 197/2760/922
f 1593/2761/923 1016/2762/923 1428/2763/923
f 272/2764/924 699/2765/924 706/2766/924
f 1275/2767/925 434/2768/925 844/2769/925
f 612/2770/926 614/2771/926 661/2772/926
f 595/2773/927 382/2774/927 600/2775/927
f 608/2776/928 1276/2777/928 765/2778/928
f 1008/2779/929 924/2780/929 680/2781/929
f 1014/2782/930 854/2783/930 978/2784/930
f 458/2785/931 672/2786/931 875/2787/931
f 688/2788/932 424/2789/932 926/2790/932
f 851/2791/933 599/2792/933 957/2793/933
f 576/2794/934 703/2795/934 1176/2796/934
f 388/2797/935 711/2798/935 615/2799/935
f 719/2800/936 1418/2801/936 1113/2802/936
f 445/2803/937 823/2804/937 1592/2805/937
f 865/2806/938 1025/2807/938 871/2808/938
f 616/2809/939 892/2810/939 1256/2811/939
f 802/2812/940 870/2813/940 429/2814/940
f 704/2815/941 581/2816/941 276/2817/941
f 1017/2818/942 387/2819/942 1115/2820/942
f 820/2821/943 1171/2822/943 853/2823/943
f 857/2824/944 1015/2825/944 822/2826/944
f 1558/2827/945 364/2828/945 474/2829/945
f 1018/2830/946 385/2831/946 440/2832/946
f 754/2833/947 206/2834/947 746/2835/947
f 1260/2836/948 1488/2837/948 619/2838/948
f 204/2839/949 617/2840/949 1217/2841/949
f 359/2842/950 398/2843/950 578/2844/950
f 1114/2845/951 1429/2846/951 386/2847/951
f 606/2848/952 396/2849/952 455/2850/952
f 1432/2851/953 462/2852/953 451/2853/953
f 801/2854/954 690/2855/954 442/2856/954
f 1422/2857/955 718/2858/955 767/2859/955
f 450/2860/956 414/2861/956 446/2862/956
f 720/2863/957 431/2864/957 770/2865/957
f 931/2866/958 378/2867/958 923/2868/958
f 337/2869/959 390/2870/959 465/2871/959
f 620/2872/960 405/2873/960 665/2874/960
f 1220/2875/961 389/2876/961 459/2877/961
f 1648/2878/962 368/2879/962 5/2880/962
f 1265/2881/963 1261/2882/963 447/2883/963
f 885/2884/964 639/2885/964 419/2886/964
f 209/2887/965 437/2888/965 454/2889/965
f 193/2890/966 1147/2891/966 1153/2892/966
f 1151/2893/967 775/2894/967 1154/2895/967
f 741/2896/968 1043/2897/968 1391/2898/968
f 1412/2899/969 1196/2900/969 235/2901/969
f 1102/2902/970 195/2903/970 778/2904/970
f 1186/2905/971 482/2906/971 1150/2907/971
f 481/2908/972 1159/2909/972 480/2910/972
f 362/2911/973 476/2912/973 1081/2913/973
f 1187/2914/974 473/2915/974 1037/2916/974
f 3071/2917/975 3027/2918/975 3125/2919/975 3127/2920/975
f 3013/2921/976 3032/2922/976 3069/2923/976
f 3033/2924/977 3021/2925/977 3039/2926/977
f 3038/2927/978 3020/2928/978 3018/2929/978 3045/2930/978
f 3006/2931/979 3012/2932/979 3026/2933/979
f 3028/2934/980 3053/2935/980 3133/2936/980 3129/2937/980
f 3014/2938/981 3009/2939/981 3057/2940/981
f 3034/2941/982 3015/2942/982 3061/2943/982
f 3022/2944/983 3035/2945/983 3065/2946/983
f 3103/2947/984 3008/2948/984 3051/2949/984
f 3007/2950/985 3047/2951/985 3058/2952/985
f 491/2953/986 3059/2954/986 3062/2955/986
f 492/2956/987 3063/2957/987 3066/2958/987
f 3023/2959/988 3067/2960/988 3076/2961/988
f 3041/2962/989 3070/2963/989 3005/2964/989 3001/2965/989
f 3064/2966/990 3060/2967/990 3080/2968/990 3089/2969/990
f 3078/2970/991 3068/2971/991 3085/2972/991 3098/2973/991
f 495/2974/992 3049/2975/992 3093/2976/992 3081/2977/992
f 497/2978/993 496/2979/993 3090/2980/993 3086/2981/993
f 3048/2982/994 3077/2983/994 3099/2984/994 3094/2985/994
f 3052/2986/995 3113/2987/995 3139/2988/995 3135/2989/995
f 3024/2990/996 3112/2991/996 3110/2992/996 3019/2993/996
f 3114/2994/997 3040/2995/997 3046/2996/997 3109/2997/997
f 500/2998/998 502/2999/998 501/3000/998
f 3025/3001/999 3104/3002/999 3111/3003/999
f 3115/3004/1000 3054/3005/1000 3117/3006/1000
f 3042/3007/1001 3116/3008/1001 3118/3009/1001
f 3119/3010/1002 3072/3011/1002 3143/3012/1002 3145/3013/1002
f 3029/3014/1003 3075/3015/1003 3120/3016/1003
f 3056/3017/1004 507/3018/1004 3121/3019/1004
f 490/3020/1005 3105/3021/1005 3050/3022/1005
f 3106/3023/1006 493/3024/1006 3079/3025/1006
f 3108/3026/1007 498/3027/1007 499/3028/1007
f 3002/3029/1008 3000/3030/1008 3004/3031/1008
f 3036/3032/1009 3044/3033/1009 510/3034/1009 3003/3035/1009
f 3073/3036/1010 3037/3037/1010 503/3038/1010 494/3039/1010
f 3122/3040/1011 3126/3041/1011 3124/3042/1011
f 3016/3043/1012 3074/3044/1012 513/3045/1012 3123/3046/1012
f 3031/3047/1013 3017/3048/1013 511/3049/1013 512/3050/1013
f 3130/3051/1014 3128/3052/1014 3132/3053/1014
f 3055/3054/1015 3010/3055/1015 3131/3056/1015 516/3057/1015
f 3011/3058/1016 3030/3059/1016 514/3060/1016 515/3061/1016
f 3136/3062/1017 3134/3063/1017 3138/3064/1017
f 504/3065/1018 3107/3066/1018 3137/3067/1018 519/3068/1018
f 489/3069/1019 508/3070/1019 517/3071/1019 518/3072/1019
f 3142/3073/1020 3140/3074/1020 3144/3075/1020
f 3043/3076/1021 509/3077/1021 522/3078/1021 3141/3079/1021
f 506/3080/1022 505/3081/1022 520/3082/1022 521/3083/1022
f 3095/3084/1023 3147/3085/1023 3161/3086/1023 3155/3087/1023
f 3177/3088/1024 3181/3089/1024 3261/3090/1024 3263/3091/1024
f 3087/3092/1025 3091/3093/1025 3148/3094/1025
f 3149/3095/1026 3100/3096/1026 3167/3097/1026 3170/3098/1026
f 3233/3099/1027 3207/3100/1027 3205/3101/1027 3199/3102/1027
f 3156/3103/1028 3162/3104/1028 3260/3105/1028 3256/3106/1028
f 3146/3107/1029 3082/3108/1029 3158/3109/1029 3160/3110/1029
f 3084/3111/1030 3097/3112/1030 3154/3113/1030 3157/3114/1030
f 3171/3115/1031 3168/3116/1031 3223/3117/1031 3225/3118/1031
f 3088/3119/1032 3152/3120/1032 3169/3121/1032 3164/3122/1032
f 3102/3123/1033 526/3124/1033 3163/3125/1033 3166/3126/1033
f 3182/3127/1034 3178/3128/1034 3217/3129/1034 3219/3130/1034
f 3174/3131/1035 3195/3132/1035 3245/3133/1035 3242/3134/1035
f 3185/3135/1036 3196/3136/1036 3172/3137/1036 3176/3138/1036
f 3200/3139/1037 3206/3140/1037 3231/3141/1037 3227/3142/1037
f 556/3143/1038 3211/3144/1038 3202/3145/1038 3204/3146/1038
f 3213/3147/1039 3234/3148/1039 3198/3149/1039 3201/3150/1039
f 3216/3151/1040 3214/3152/1040 3218/3153/1040
f 3173/3154/1041 3180/3155/1041 543/3156/1041 3215/3157/1041
f 3179/3158/1042 3175/3159/1042 541/3160/1042 542/3161/1042
f 3222/3162/1043 3220/3163/1043 3224/3164/1043
f 3165/3165/1044 534/3166/1044 546/3167/1044 3221/3168/1044
f 533/3169/1045 532/3170/1045 544/3171/1045 545/3172/1045
f 3228/3173/1046 3226/3174/1046 3230/3175/1046
f 540/3176/1047 3203/3177/1047 3229/3178/1047 549/3179/1047
f 539/3180/1048 538/3181/1048 547/3182/1048 548/3183/1048
f 3092/3184/1049 3083/3185/1049 3194/3186/1049 3186/3187/1049
f 524/3188/1050 3150/3189/1050 3189/3190/1050 3197/3191/1050
f 3153/3192/1051 525/3193/1051 3187/3194/1051 3191/3195/1051
f 3096/3196/1039 3101/3197/1039 3208/3198/1039 3236/3199/1039
f 3151/3200/1038 523/3201/1038 3237/3202/1038 3232/3203/1038
f 527/3204/1027 528/3205/1027 553/3206/1027 3209/3207/1027
f 3212/3208/1052 3238/3209/1052 3252/3210/1052 3253/3211/1052
f 3232/3212/1038 3237/3213/1038 3211/3214/1038 556/3215/1038
f 3209/3216/1027 553/3217/1027 3207/3218/1027 3233/3219/1027
f 3246/3220/1053 3243/3221/1053 3239/3222/1053 3241/3223/1053
f 3190/3224/1054 3183/3225/1054 3240/3226/1054 3244/3227/1054
f 3184/3228/1055 535/3229/1055 560/3230/1055 559/3231/1055
f 552/3232/1056 551/3233/1056 561/3234/1056 562/3235/1056
f 3251/3236/1039 3249/3237/1039 3247/3238/1039 3254/3239/1039
f 555/3240/1057 3210/3241/1057 3250/3242/1057 565/3243/1057
f 554/3244/1058 3235/3245/1058 3248/3246/1058 564/3247/1058
f 558/3248/1059 557/3249/1059 566/3250/1059 563/3251/1059
f 3257/3252/1060 3255/3253/1060 3259/3254/1060
f 531/3255/1061 3159/3256/1061 3258/3257/1061 569/3258/1061
f 530/3259/1062 529/3260/1062 567/3261/1062 568/3262/1062
f 3267/3263/1063 3265/3264/1063 3264/3265/1063 3262/3266/1063
f 3192/3267/1064 3188/3268/1064 3266/3269/1064 3268/3270/1064
f 537/3271/1065 3193/3272/1065 573/3273/1065 570/3274/1065
f 550/3275/1066 536/3276/1066 571/3277/1066 572/3278/1066
